peak_id,peak_name,host_contries,height_m,height_ft,location,region,climb_status,is_open,is_unlisted,is_trekking,trek_year,first_asc_yr,first_asc_season,first_asc_date,countries,first_summiters
ACHN,Aichyn,Nepal only,6055,19865,Nalakankar/Chandi/Changla,Far West-Kanjiroba,Climbed,1,0,0,0,2015,Autumn,Sep 03,Japan,"Hiroki Senda, et al"
AGLE,Agole East,Nepal only,6675,21900,Rolwaling,Khumbu-Rolwaling-Makalu,Unclimbed,1,0,0,0,0,All,Unknown,Unknown,Unclimbed
AMAD,Ama Dablam,Nepal only,6814,22356,Khumbu,Khumbu-Rolwaling-Makalu,Climbed,1,0,0,0,1961,Spring,Mar 13,"New Zealand, USA, UK","Mike Gill, Wally Romanes, Barry Bishop, Michael Ward"
AMOT,Amotsang,Nepal only,6393,20974,Damodar,Annapurna-Damodar-Peri,Climbed,1,0,0,0,2019,Autumn,Oct 24,Germany,Jost Kobusch
AMPG,Amphu Gyabjen,Nepal only,5630,18471,Khumbu,Khumbu-Rolwaling-Makalu,Climbed,1,0,0,0,1953,Spring,Apr 11,UK,"John Hunt, Tom Bourdillon"
AMPH,Amphu I,Nepal only,6740,22113,Khumbu,Khumbu-Rolwaling-Makalu,Climbed,1,0,0,0,2013,Autumn,Oct 09,S Korea,"Ahn Il-Evn, An Chi-Young, Kim Young-Mi, Oh Young-Hoon"
AMPM,Amphu Middle,Nepal only,6202,20348,Khumbu,Khumbu-Rolwaling-Makalu,Climbed,0,1,0,0,2008,Spring,Apr 20,Germany,"Olaf Rieck, Alexander Graeber"
ANID,Anidesh Chuli,Nepal only,6808,22336,Kangchenjunga/Simhalila,Kangchenjunga-Janak,Unclimbed,1,0,0,0,0,All,Unknown,Unknown,Unclimbed
ANN1,Annapurna I,Nepal only,8091,26545,Annapurna,Annapurna-Damodar-Peri,Climbed,1,0,0,0,1950,Spring,Jun 03,France,"Maurice Herzog, Louis Lachenal"
ANN2,Annapurna II,Nepal only,7937,26040,Annapurna,Annapurna-Damodar-Peri,Climbed,1,0,0,0,1960,Spring,May 17,"UK, Nepal","Richard Grant, Chris Bonington, Ang Nyima Sherpa"
ANN3,Annapurna III,Nepal only,7555,24787,Annapurna,Annapurna-Damodar-Peri,Climbed,1,0,0,0,1961,Spring,May 06,India,"Mohan S. Kohli, Sonam Gyatso, Sonam Girmi"
ANN4,Annapurna IV,Nepal only,7525,24688,Annapurna,Annapurna-Damodar-Peri,Climbed,1,0,0,0,1955,Spring,May 30,W Germany,"Heinz Steinmetz, Harald Biller, Juergen Wellenkamp"
ANNE,Annapurna I East,Nepal only,8026,26332,Annapurna,Annapurna-Damodar-Peri,Climbed,1,0,0,0,1974,Spring,Apr 29,Spain,"Jose Manuel Anglada Nieto, Jorge Pons Sangines, Emilio Givis Abad"
ANNM,Annapurna I Middle,Nepal only,8051,26414,Annapurna,Annapurna-Damodar-Peri,Climbed,1,0,0,0,1980,Autumn,Oct 03,W Germany,"Udo Boening, Ludwig Greissl, Heinz Oberrauch"
ANNS,Annapurna South,Nepal only,7219,23684,Annapurna,Annapurna-Damodar-Peri,Climbed,1,0,0,0,1964,Autumn,Oct 15,"Japan, Nepal","Shiochiro Uyeo, Mingma Tsering Sherpa"
APIM,Api Main,Nepal only,7132,23399,Api/Byas Risi/Guras,Far West-Kanjiroba,Climbed,1,0,0,0,1960,Spring,May 10,"Japan, Nepal","Katsutoshi Hirabayashi, Gyaltsen Norbu Sherpa"
APIW,Api West,Nepal only,7076,23215,Api/Byas Risi/Guras,Far West-Kanjiroba,Unclimbed,1,0,0,0,0,All,Unknown,Unknown,Unclimbed
ARDN,Ardang,Nepal only,6034,19797,Nalakankar/Chandi/Changla,Far West-Kanjiroba,Climbed,1,0,0,0,2019,Autumn,Nov 13,Canada,"Bryce Brown, Sunny Twelker"
ARNK,Arniko Chuli,Nepal & China,6034,19797,Mukut/Mustang,Dhaulagiri-Mukut,Climbed,1,0,0,0,2002,Summer,Jul 10,"Japan, Nepal","Tamotsu Ohnishi, Ang Phurba Sherpa, Dikki Sherpa"
ASAJ,Asajya Tuppa,Nepal & China,6265,20554,Nalakankar/Chandi/Changla,Far West-Kanjiroba,Unclimbed,1,0,0,0,0,All,Unknown,Unknown,Unclimbed
BAMO,Bamongo,Nepal & China,6406,21017,Rolwaling,Khumbu-Rolwaling-Makalu,Climbed,1,0,0,0,2013,Autumn,Oct 30,"Nepal, China","Mingma Gyalje Sherpa, Yong Liu, Pema Chhiring/Chhiri Sherpa"
BARU,Baruntse,Nepal only,7152,23465,Khumbu,Khumbu-Rolwaling-Makalu,Climbed,1,0,0,0,1954,Spring,May 29,New Zealand,"Colin Todd, Geoff Harrow"
BAUD,Baudha,Nepal only,6672,21890,Manaslu/Mansiri,Manaslu-Ganesh,Climbed,1,0,0,0,1970,Spring,May 02,Japan,"Yoshiyuki Kobayashi, Kiyoyasu Shibata"
BEDG,Beding Go,Nepal & China,6125,20095,Rolwaling,Khumbu-Rolwaling-Makalu,Climbed,1,0,0,0,2015,Autumn,Oct 21,"Nepal, Canada, Brazil, Ireland","Mingma Tshering/Tsiri Sherpa, Dean Carriere, Dino De Almeida Camargo, Cian O'Brolchain, Nima Gyalzen Sherpa, Pasang Tenzing Sherpa, Tshering Pemba Sherpa"
BHEM,Bhemdang Ri,Nepal only,6150,20177,Langtang,Langtang-Jugal,Climbed,1,0,0,0,1964,Spring,May 10,"Japan, Nepal","Tetsuya Kondo, Soshiro Sasaki, Mingma Tshering Sherpa"
BHRI,Bhrikuti,Nepal only,6476,21247,Damodar,Annapurna-Damodar-Peri,Climbed,1,0,0,0,1982,Spring,May 18,"Japan, Nepal","Takashi Sakuma, Masanobu Tsuchiya, Tashi Jangbu Sherpa"
BHRS,Bhrikuti Shail,Nepal & China,6361,20869,Damodar,Annapurna-Damodar-Peri,Climbed,1,0,0,0,2005,Spring,May 16,"France, Nepal","Paulo Grobel, Denis Flaven, Bikram Singh"
BHUL,Bhulu Lhasa,Nepal only,6102,20020,Kanjiroba,Far West-Kanjiroba,Climbed,1,0,0,0,1964,Autumn,Oct 31,"UK, Nepal","John Tyson, John Cole, Robert Kendall, Mingma Sherpa"
BIJO,Bijora Hiunchuli,Nepal only,6111,20049,Kanjiroba,Far West-Kanjiroba,Unclimbed,1,0,0,0,0,All,Unknown,Unknown,Unclimbed
BOBA,Bobaye,Nepal only,6808,22336,Api/Byas Risi/Guras,Far West-Kanjiroba,Climbed,1,0,0,0,1996,Autumn,Nov 02,Slovenia,Tomaz Humar
BOKT,Boktoh,Nepal only,6114,20059,Kangchenjunga/Simhalila,Kangchenjunga-Janak,Climbed,0,0,1,0,1991,Spring,Apr 10,Yugoslavia,"Marko Prezelj, Uros Rupar, Andrej Stremfelj"
BTAK,Bhairab Takura,Nepal & China,6799,22306,Jugal,Langtang-Jugal,Climbed,1,0,0,0,1960,Spring,May 07,"Japan, Nepal","Kunitoshi Ishihara, Yukihito Kato, Pasang Phutar Sherpa (I)"
BURK,Burke Kang,Nepal & China,6942,22776,Khumbu,Khumbu-Rolwaling-Makalu,Climbed,1,0,0,0,2017,Autumn,Oct 05,"Ireland, Nepal","Noel Hanna, Samden Bhote, Nanda Dorje Sherpa, Pemba Tshering (Maila) Sherpa"
CBAM,Chhopa Bamare,Nepal & China,6109,20043,Rolwaling,Khumbu-Rolwaling-Makalu,Climbed,1,0,0,0,2019,Winter,Feb 28,"USA, France","John Kelley, Benjamin Billet"
CHAB,Chabuk,Nepal & China,6792,22283,Janak/Ohmi Kangri,Kangchenjunga-Janak,Unclimbed,1,0,0,0,0,All,Unknown,Unknown,Unclimbed
CHAG,Chago,Nepal & China,6893,22615,Makalu,Khumbu-Rolwaling-Makalu,Climbed,1,0,0,0,1954,Spring,May 29,"New Zealand, Nepal","Michael Ball, Urkien Sherpa"
CHAK,Chako,Nepal only,6704,21995,Damodar,Annapurna-Damodar-Peri,Climbed,1,0,0,0,2007,Summer,Jul 24,"Japan, Nepal","Kazhisa Kamisaka, Akio Omura, Hari Bahadur Chaulagai, Ang Phuri Lama"
CHAM,Chamlang,Nepal only,7321,24019,Khumbu,Khumbu-Rolwaling-Makalu,Climbed,1,0,0,0,1962,Spring,May 31,"Japan, Nepal","So Anma, Pasang Phutar Sherpa (I)"
CHAN,Changla,Nepal & China,6563,21532,Nalakankar/Chandi/Changla,Far West-Kanjiroba,Climbed,1,0,0,0,2010,Autumn,Sep 27,Japan,"Hirofumi Kobayashi, Seiya Nakasukasa, Yuta Shibayama, Naoki Yamaguchi"
CHAW,Chaw Peak,Nepal & China,6404,21010,Janak/Ohmi Kangri,Kangchenjunga-Janak,Unclimbed,1,0,0,0,0,All,Unknown,Unknown,Unclimbed
CHEK,Chekigo,Nepal & China,6121,20082,Rolwaling,Khumbu-Rolwaling-Makalu,Climbed,0,0,1,2002,2005,Spring,May 15,"UK, Switzerland","Bruce Normand, Oliver von Rotz"
CHEO,Cheo Himal,Nepal & China,6820,22375,Peri,Annapurna-Damodar-Peri,Climbed,1,0,0,0,1991,Autumn,Oct 13,"Japan, Nepal","Dambar Bahadur Gurung, Shigeki Imoto, Ful Bahadur Rai, Pasang Tshering Sherpa"
CHIV,Chhiv Himal,Nepal only,6650,21818,Damodar,Annapurna-Damodar-Peri,Climbed,1,0,0,0,2004,Autumn,Sep 18,Japan,"Takeshi Wada, Mitsuhiro Koseki, Yubo Shibata, Takeo Yoshinaga"
CHKA,Chamar Kang,Nepal only,6060,19882,Mukut/Mustang,Dhaulagiri-Mukut,Climbed,0,1,0,0,2007,Autumn,Sep 21,"Japan, Nepal","Tamotsu Ohnishi, Toshitsugi Irisawa, Koichi Kato, Chhepa Sherpa"
CHMN,Chamar North,Nepal only,7165,23507,Ganesh/Shringi,Manaslu-Ganesh,Climbed,1,0,0,0,1953,Spring,Jun 05,"New Zealand, Nepal","Maurice Bishop, Nyamgel Sherpa"
CHMR,Chamar,Nepal only,7161,23494,Ganesh/Shringi,Manaslu-Ganesh,Unclimbed,1,0,0,0,0,All,Unknown,Unknown,Unclimbed?
CHND,Chandi Himal,Nepal & China,6142,20151,Nalakankar/Chandi/Changla,Far West-Kanjiroba,Unclimbed,1,0,0,0,0,All,Unknown,Unknown,Unclimbed
CHNG,Changdi,Nepal & China,6623,21729,Kanti/Palchung,Far West-Kanjiroba,Unclimbed,1,0,0,0,0,All,Unknown,Unknown,Unclimbed
CHOB,Chobuje,Nepal only,6686,21936,Rolwaling,Khumbu-Rolwaling-Makalu,Climbed,1,0,0,0,1972,Spring,Apr 24,W Germany,"Wolfgang Weinzierl, Peter Vogler, Gustav Harder, Klaus Harder"
CHOL,Cholatse,Nepal only,6423,21073,Khumbu,Khumbu-Rolwaling-Makalu,Climbed,0,0,1,2002,1982,Spring,Apr 22,"USA, UK","John Roskelley, Galen Rowell, Vern Clevenger, Bill O'Connor"
CHOP,Cho Polu,Nepal only,6700,21982,Khumbu,Khumbu-Rolwaling-Makalu,Climbed,1,0,0,0,1984,Autumn,Nov,Spain,Nil Bohigas Martorell
CHOY,Cho Oyu,Nepal & China,8188,26864,Khumbu,Khumbu-Rolwaling-Makalu,Climbed,1,0,0,0,1954,Autumn,Oct 19,"Austria, Nepal","Herbert Tichy, Sepp Jeochler, Pasang Dawa Lama"
CHRE,Churen Himal East,Nepal only,7371,24183,Dhaulagiri,Dhaulagiri-Mukut,Climbed,1,0,0,0,1970,Spring,Apr 29,"S Korea, Nepal","Kim Ho-Sup, Rinsing Ongyal Sherpa"
CHRI,Chhukung Ri,Nepal only,5550,18209,Khumbu,Khumbu-Rolwaling-Makalu,Climbed,0,0,1,2002,1965,Spring,May,Netherlands,Johannes Adolf Noordijk
CHRW,Churen Himal West,Nepal only,7371,24183,Dhaulagiri,Dhaulagiri-Mukut,Climbed,1,0,0,0,1970,Autumn,Oct 28,"Japan, Nepal","Kozo Hasegawa, Ang Norbu Sherpa"
CHUB,Chhuboche,Nepal only,5606,18392,Damodar,Annapurna-Damodar-Peri,Climbed,1,0,0,0,2013,Autumn,Nov 16,UK,"Brian Jackson, Hugh Wrightson, Pasang Sherpa, Tendi Wangya"
CHUG,Chukyima Go,Nepal only,6258,20531,Rolwaling,Khumbu-Rolwaling-Makalu,Climbed,1,0,0,0,2014,Autumn,Nov 12,Slovenia,"Domen Kastelic, Sam Hennessey"
CHUK,Chhukung Tse,Nepal only,5833,19137,Khumbu,Khumbu-Rolwaling-Makalu,Climbed,0,0,1,0,1953,Spring,Apr 03,"UK, Nepal","John Hunt, Tenzing Norgay Sherpa"
CHUL,Chulu Central,Nepal only,6584,21601,Damodar,Annapurna-Damodar-Peri,Climbed,0,0,1,1978,1955,Spring,Jul 23,W Germany,"Heinz Steinmetz, Harald Biller, Fritz Lobbichler, Juergen Wellenkamp"
CHUM,Chumbu,Nepal only,6859,22503,Khumbu,Khumbu-Rolwaling-Makalu,Unclimbed,1,0,0,0,0,All,Unknown,Unknown,Unclimbed
CHUR,Churen Himal Central,Nepal only,7385,24229,Dhaulagiri,Dhaulagiri-Mukut,Climbed,1,0,0,0,1970,Autumn,Oct 24,Japan,"Masayoshi Fukui, Kozo Hasegawa"
CHUW,Chulu West,Nepal only,6419,21060,Damodar,Annapurna-Damodar-Peri,Climbed,0,0,1,1978,1952,Autumn,Oct 23,Japan,"Kinji Imanishi, Kazuhiko Hayashi, Sasuke Nakao, Jiro Taguchi, Masataka Takagi, Sakuta Takebushi"
CHWT,Changwathang,Nepal only,6130,20112,Nalakankar/Chandi/Changla,Far West-Kanjiroba,Climbed,1,0,0,0,2000,Summer,Jun 28,"Japan, Nepal","Tamotsu Ohnishi, Koji Mizutani, Nobuo Akayama, Takehiko Yanagihara, Chuldim Nuru Sherpa, Dawa Sherpa"
CPHU,Chhochenphu Himal,Nepal only,6260,20538,Janak/Ohmi Kangri,Kangchenjunga-Janak,Unclimbed,1,0,0,0,0,All,Unknown,Unknown,Unclimbed
CTSE,Changtse,China only,7583,24879,Khumbu,Khumbu-Rolwaling-Makalu,Climbed,0,1,0,0,1982,Spring,Oct 14,W Germany,Udo Zehetleitner
DANG,Danga,Nepal only,6220,20407,Janak/Ohmi Kangri,Kangchenjunga-Janak,Climbed,1,0,0,0,2002,Autumn,Oct 20,Denmark,"Allan Christensen, Bo Belvedere Christensen, Jan Mathorne"
DANS,Danphe Shail,Nepal & China,6103,20023,Kanti/Palchung,Far West-Kanjiroba,Climbed,1,0,0,0,2017,Autumn,Oct 05,"France, Nepal","Sonia Baillif, Etienne De Fleurian, Laurence De Fleurian, Paulo Grobel, Jean Males, Etienne Principaud, Bernard Vallet, Dipen Bhote, Dhan Magar, Anil Rai"
DGAR,Dhaulagari,Nepal only,6638,21778,Api/Byas Risi/Guras,Far West-Kanjiroba,Unclimbed,1,0,0,0,0,All,Unknown,Unknown,Unclimbed
DHA1,Dhaulagiri I,Nepal only,8167,26795,Dhaulagiri,Dhaulagiri-Mukut,Climbed,1,0,0,0,1960,Spring,May 13,"Switzerland, Austria, W Germany, Nepal","Peter Diener, Kurt Diemberger, Albin Schelbert, Ernst Forrer, Nima Dorje Sherpa, Nawang Dorje Sherpa"
DHA2,Dhaulagiri II,Nepal only,7751,25430,Dhaulagiri,Dhaulagiri-Mukut,Climbed,1,0,0,0,1971,Spring,May 18,"Austria, USA, Nepal","Adolf Huber, Ronald Fear, Adi Weissensteiner, Jangbu Sherpa"
DHA3,Dhaulagiri III,Nepal only,7715,25312,Dhaulagiri,Dhaulagiri-Mukut,Climbed,1,0,0,0,1973,Autumn,Oct 20,W Germany,"Klaus Schreckenbach, Gerhard Haberl, Hans Saler"
DHA4,Dhaulagiri IV,Nepal only,7661,25135,Dhaulagiri,Dhaulagiri-Mukut,Climbed,1,0,0,0,1975,Spring,May 09,Japan,"Shiro Kawazu, Etsuro Yasuda"
DHA5,Dhaulagiri V,Nepal only,7618,24993,Dhaulagiri,Dhaulagiri-Mukut,Climbed,1,0,0,0,1975,Spring,May 01,"Japan, Nepal","Masaaki Morioka, Pemba Tsering Sherpa"
DHA6,Dhaulagiri VI,Nepal only,7268,23845,Dhaulagiri,Dhaulagiri-Mukut,Climbed,1,0,0,0,1970,Spring,Apr 17,Japan,"Shiro Kawazu, Shoichi Kimura, Hisazumi Nakamura, Seijiro Yamamura"
DHAM,Dhampus,Nepal only,6012,19724,Mukut/Mustang,Dhaulagiri-Mukut,Climbed,1,0,0,0,1960,Spring,Apr,Austria,Kurt Diemberger
DHEC,Dhechyan Khang,Nepal & China,6019,19747,Damodar,Annapurna-Damodar-Peri,Climbed,1,0,0,0,2018,Spring,May 05,"Austria, Germany, Nepal","Wolfgang Drexler, Martin Thallmair, Lawang Tamang, Yokachi Tamang"
DING,Dingjung North,Nepal & China,6249,20502,Rolwaling,Khumbu-Rolwaling-Makalu,Climbed,1,0,0,0,1955,Spring,May 16,UK,"Peter Boultbee, Dennis Davis"
DINS,Dingjung Ri,Nepal & China,6196,20328,Rolwaling,Khumbu-Rolwaling-Makalu,Climbed,1,0,0,0,2008,Spring,Mar 15,Japan,"Kenro Nakajima, Hiroki Yamamoto"
DOGA,Dogari,Nepal only,6536,21444,Dhaulagiri,Dhaulagiri-Mukut,Unclimbed,1,0,0,0,0,All,Unknown,Unknown,Unclimbed
DOLM,Dolma Khang,Nepal & China,6332,20774,Rolwaling,Khumbu-Rolwaling-Makalu,Climbed,1,0,0,0,1980,Spring,Apr 11,"Australia, Nepal","Graham Brammer, Paul Richards, Shambu Tamang"
DOMK,Dome Kang,Nepal & India,7264,23832,Jongsang,Kangchenjunga-Janak,Climbed,1,0,0,0,2009,Spring,Apr 28,"Spain, Nepal","Emilio Lagunilla, Carlos Soria, Chhang Dawa Sherpa, Karma Gyalzen Sherpa, Halung Dorchi Sherpa"
DOMO,Domo,Nepal & India,7447,24432,Jongsang,Kangchenjunga-Janak,Climbed,0,1,0,0,1930,Spring,Jun 08,"Germany, Nepal","Guenter Dyhrenfurth, Lewa Sherpa"
DORJ,Dorje Lhakpa,Nepal only,6966,22854,Jugal,Langtang-Jugal,Climbed,1,0,0,0,1981,Autumn,Oct 18,"Japan, Nepal","Kunio Kataoka, Makoto Anbe, Kazunari Murakami, Eiichi Shingyoji, Pemba Tsering Sherpa"
DRAG,Dragmorpa Ri,Nepal & China,6185,20292,Langtang,Langtang-Jugal,Climbed,1,0,0,0,2013,Spring,May 30,Russia,Roman Gretzky
DRAN,Drangnag Ri,Nepal only,6757,22169,Rolwaling,Khumbu-Rolwaling-Makalu,Climbed,1,0,0,0,1995,Spring,Apr 30,"Norway, UK, Nepal","Chris Bonington, Ralph Hoibakk, Bjorn Myrer-Lund, Lhakpa Gyalu Sherpa, Pema Dorje Sherpa"
DROM,Drohmo,Nepal only,6881,22575,Jongsang,Kangchenjunga-Janak,Unclimbed,1,0,0,0,0,All,Unknown,Unknown,Main summit unclimbed
DUDH,Dudh Kundali,Nepal only,6045,19833,Kanjiroba,Far West-Kanjiroba,Climbed,1,0,0,0,1953,Autumn,Nov,"Austria, Nepal, India","Herbert Tichy, Ajiba Sherpa, Gyalzen Sherpa, Pasang Dawa Lama, Pemba Sherpa"
DWIJ,Dwijen Himal,Nepal & China,6169,20240,Ganesh/Shringi,Manaslu-Ganesh,Unclimbed,1,0,0,0,0,All,Unknown,Unknown,Unclimbed
DZA2,Dzanye II,Nepal & China,6318,20728,Janak/Ohmi Kangri,Kangchenjunga-Janak,Climbed,1,0,0,0,2015,Autumn,Oct 04,Japan,"Takanori Mashimo, Kotaro Myatsu, Kenta Kimura, Shinnosuke Ashikari, Shun Katsurai, Takehiro Nozawa"
DZAN,Dzanye,Nepal & China,6581,21591,Janak/Ohmi Kangri,Kangchenjunga-Janak,Climbed,1,0,0,0,1949,Spring,Jun 30,Switzerland,"Alfred Sutter, Rene Dittert, Annelies Lohner, Jacob Pargaetzi-Almer, Edouard Wyss-Dunant"
DZAS,Dzasampatse,Nepal only,6295,20653,Khumbu,Khumbu-Rolwaling-Makalu,Climbed,0,1,0,0,2004,Autumn,Oct 18,Slovenia,"Urban Azman, Tadej Golob"
EKRA,Ek Rate Danda,Nepal only,6213,20384,Khumbu,Khumbu-Rolwaling-Makalu,Unclimbed,1,0,0,0,0,All,Unknown,Unknown,Unclimbed
EVER,Everest,Nepal & China,8850,29035,Khumbu,Khumbu-Rolwaling-Makalu,Climbed,1,0,0,0,1953,Spring,May 29,"New Zealand, India","Edmund Hillary, Tenzing Norgay Sherpa"
FANG,Fang,Nepal only,7647,25089,Annapurna,Annapurna-Damodar-Peri,Climbed,1,0,0,0,1980,Spring,May 17,"Austria, Nepal","Sepp Mayerl, Hermann Neumair, Ang Chepal Sherpa"
FIRN,Firnkopf,Nepal only,6730,22080,Saipal,Far West-Kanjiroba,Unclimbed,1,0,0,0,0,All,Unknown,Unknown,Unclimbed
FIRW,Firnkopf West,Nepal only,6745,22129,Saipal,Far West-Kanjiroba,Climbed,1,0,0,0,1987,Autumn,Oct 25,"Austria, W Germany, Nepal","Franz Kroell, Fritz Mross, Ang Chopal Sherpa"
GAMA,Gama Peak,Nepal only,7187,23579,Dhaulagiri,Dhaulagiri-Mukut,Climbed,0,1,0,0,1970,Autumn,Oct 25,Japan,"Goro Nabeyama, Katsuhiro Nakashima"
GAN1,Ganesh I,Nepal & China,7422,24350,Ganesh/Shringi,Manaslu-Ganesh,Climbed,1,0,0,0,1955,Autumn,Oct 24,"Switzerland, France","Raymond Lambert, Eric Gauchat, Claude Kogan"
GAN2,Ganesh II,Nepal only,7118,23353,Ganesh/Shringi,Manaslu-Ganesh,Climbed,1,0,0,0,1981,Autumn,Oct 16,"W Germany, Nepal","Hermann Warth, Ang Chepal Sherpa, Nga Temba Sherpa, Nima Tenzing Sherpa"
FUTI,Futi Himal,Nepal only,6425,21079,Damodar,Annapurna-Damodar-Peri,Climbed,0,1,1,0,2014,Spring,May 16,Portugal,"Pedro Guedes Viera, Sandra Lima Dos Reis, Oldemiro Lima Fortunato, Frederico Mohilla Salomao"
GAN3,Ganesh III,Nepal & China,7043,23107,Ganesh/Shringi,Manaslu-Ganesh,Climbed,1,0,0,0,1979,Autumn,Oct 19,"Japan, Nepal","Hideo Ogura, Pemba Tshering Sherpa, Dawa Norbu Sherpa"
GAN4,Ganesh IV,Nepal only,7104,23307,Ganesh/Shringi,Manaslu-Ganesh,Climbed,1,0,0,0,1978,Autumn,Oct 20,"Japan, Nepal","T Tomita, H Yoshio, K Aoyagi, M Hashimoto, Y Hashimoto, Y Okuma, T Shimoji, T Suzuki, I Yasuda, Yogendra Thapa, Kamal Bhandari, Mingma Tenzing Sherpa, Sonan Wolang Sherpa"
GAN5,Ganesh V,Nepal & China,6770,22211,Ganesh/Shringi,Manaslu-Ganesh,Climbed,1,0,0,0,1980,Spring,Apr 21,"Japan, Nepal","Tatsumi Sasaki, Akihiko Komori, Lhakpa Dorje Sherpa, Nima Tenzing Sherpa, Nima Nuru Sherpa"
GAN6,Ganesh VI,Nepal only,6908,22664,Ganesh/Shringi,Manaslu-Ganesh,Climbed,1,0,0,0,2000,Spring,May 23,Japan,"Osamu Tanabe, Yasuhiro Hanatani"
GAN7,Ganesh VII,China only,6350,20833,Ganesh/Shringi,Manaslu-Ganesh,Unclimbed,0,1,0,0,0,All,Unknown,Unknown,Unclimbed?
GANC,Ganchenpo,Nepal only,6378,20925,Jugal,Langtang-Jugal,Climbed,1,0,0,0,1971,Autumn,OctNov,USA,"Terry Bech, Cheri Bech"
GAND,Gandharva Chuli,Nepal only,6248,20499,Annapurna,Annapurna-Damodar-Peri,Climbed,1,0,0,0,2013,Spring,May 06,Romania,"Cosmin Andron, Christina Pogacean"
GANG,Gangapurna,Nepal only,7455,24459,Annapurna,Annapurna-Damodar-Peri,Climbed,1,0,0,0,1965,Spring,May 06,"W Germany, Nepal","Gunter Hauser, Ludwig Greissl, Hermann Kollensperger, Erich Reismueller, Ang Temba Sherpa, Phu Dorje Sherpa"
GANW,Gangapurna West,Nepal only,7140,23425,Annapurna,Annapurna-Damodar-Peri,Unclimbed,1,0,0,0,0,All,Unknown,Unknown,Unclimbed?
GAUG,Gaugiri,Nepal & China,6110,20046,Damodar,Annapurna-Damodar-Peri,Climbed,1,0,0,0,2002,Spring,May 28,USA,"Peter Ackroyd, Jim Frush"
GAUR,Gaurishankar,Nepal & China,7135,23409,Rolwaling,Khumbu-Rolwaling-Makalu,Climbed,1,0,0,0,1979,Spring,May 08,"US, Nepal","John Roskelley, Dorje Sherpa"
GAUS,Gaurishankar South,Nepal only,7010,22999,Rolwaling,Khumbu-Rolwaling-Makalu,Climbed,1,0,0,0,1979,Autumn,Nov 09,UK,"Peter Boardman, Pemba Lama, Timothy Leach, Guy Neithardt"
GHAN,Ghhanyala Hies,Nepal & China,6744,22126,Janak/Ohmi Kangri,Kangchenjunga-Janak,Unclimbed,1,0,0,0,0,All,Unknown,Unknown,Unclimbed
GHEN,Ghenge Liru,Nepal only,6596,21640,Langtang,Langtang-Jugal,Climbed,1,0,0,0,1963,Spring,May 28,"UK, Nepal","Peter Taylor, Pasang Sherpa, Pasang Phutar Sherpa (I)"
GHUN,Ghustang North,Nepal only,6529,21421,Dhaulagiri,Dhaulagiri-Mukut,Climbed,1,0,0,0,1962,Autumn,Oct 22,"UK, Nepal","J.O.M. Roberts, Ang Pema Sherpa, Nawang Dorje Sherpa"
GHUS,Ghustang South,Nepal only,6465,21211,Dhaulagiri,Dhaulagiri-Mukut,Climbed,1,0,0,0,2019,Autumn,Oct 23,"France, Canada, Switzerland, Nepal","Corinne Amouillin-Gautier, Herve Barlier, Sophie Bellier, Dimitri Lomer, Albert Namiache, Charles Rossignol, Francois Schulz, Dipen Nuppa Bhote, Rajan Lama Bhote, Chettar Sherpa"
GHYM,Ghyuthumba Main,Nepal only,5806,19049,Kanjiroba,Far West-Kanjiroba,Climbed,0,1,0,0,1953,Autumn,Nov,"Austria, Nepal, India","Herbert Tichy, Ajiba Sherpa, Gyalzen Sherpa, Pasang Dawa Lama, Pemba Sherpa"
GHYN,Ghyun Himal I,Nepal & China,6110,20046,Mukut/Mustang,Dhaulagiri-Mukut,Unclimbed,1,0,0,0,0,All,Unknown,Unknown,Unclimbed
GIME,Gimmigela Chuli East,Nepal & India,7007,22989,Kangchenjunga/Simhalila,Kangchenjunga-Janak,Climbed,0,1,0,0,1993,Autumn,Oct 09,"Japan, Nepal","Hideo Koike, Masanori Sato, Taro Tanigawa, Chuldin Sherpa, Pasang Nima Sherpa, Phurba Sherpa"
GIMM,Gimmigela Chuli,Nepal & India,7350,24114,Kangchenjunga/Simhalila,Kangchenjunga-Janak,Climbed,1,0,0,0,1994,Autumn,Oct 29,"Japan, Nepal","Shigeru Yokokuwa, Dawa Wangchuk Sherpa, Pasang Gyalzen Sherpa, Pasang Tenzing Sherpa"
GLAC,Glacier Dome,Nepal only,7168,23517,Annapurna,Annapurna-Damodar-Peri,Climbed,1,0,0,0,1964,Spring,Oct 16,"Japan, Nepal","Mitsuhiro Nishimura, Dorje Sherpa"
GOJN,Gojung,Nepal & China,6310,20702,Kanti/Palchung,Far West-Kanjiroba,Climbed,0,1,0,0,2011,Autumn,Oct 19,UK,"Mick Fowler, Dave Turnbull"
GOLD,Goldum Peak,Nepal & China,6632,21759,Jugal,Langtang-Jugal,Unclimbed,1,0,0,0,0,All,Unknown,Unknown,Unclimbed
GORH,Gorakh Himal,Nepal & China,6198,20335,Nalakankar/Chandi/Changla,Far West-Kanjiroba,Unclimbed,1,0,0,0,0,All,Unknown,Unknown,Unclimbed
GORK,Gorakh Khang,Nepal & China,6254,20518,Nalakankar/Chandi/Changla,Far West-Kanjiroba,Unclimbed,1,0,0,0,0,All,Unknown,Unknown,Unclimbed
GURA,Guras,Nepal & China,6744,22126,Api/Byas Risi/Guras,Far West-Kanjiroba,Unclimbed,1,0,0,0,0,All,Unknown,Unknown,Unclimbed
GURJ,Gurja Himal,Nepal only,7193,23599,Dhaulagiri,Dhaulagiri-Mukut,Climbed,1,0,0,0,1969,Autumn,Nov 01,"Japan, Nepal","Tomokuni Saeki, Lhakpa Tenzing Sherpa"
GURK,Gurkarpo Ri,Nepal & China,6889,22602,Jugal,Langtang-Jugal,Climbed,1,0,0,0,2007,Autumn,Nov 01,France,"Paul Grobel, Pierre-Olivier Dupuy, Marc Kia, Jean Francois Males"
GYAC,Gyachung Kang,Nepal & China,7861,25791,Khumbu,Khumbu-Rolwaling-Makalu,Climbed,1,0,0,0,1964,Spring,Apr 10,"Japan, Nepal","Yukihiko Kato, Kiyoto Sakaizawa, Pasang Phutar Sherpa (I)"
GYAJ,Gyajikang,Nepal only,7074,23209,Peri,Annapurna-Damodar-Peri,Climbed,1,0,0,0,1994,Autumn,Oct 07,"Japan, Nepal","Toshisada Hasegawa, Yousuke Kokubo, Osamu Tanabe, Ram Kaji Sivakoti, Pasang Tshering Sherpa, Dambar Bahadur Gurung"
GYLA,Gyala,Nepal & China,6363,20876,Manaslu/Mansiri,Manaslu-Ganesh,Unclimbed,1,0,0,0,0,All,Unknown,Unknown,Unclimbed
GYLZ,Gyalzen Peak,Nepal & China,6151,20180,Jugal,Langtang-Jugal,Climbed,1,0,0,0,2019,Spring,Apr 09,Nepal,"Maya Gurung, Min Bahadur Tamang, Sharmila Thapa, Tul Singh Gurung, Nar Bahadur Astani, Ash Bahadur Gurung, Samir Gurung"
HCHI,Hungchhi,Nepal & China,7029,23061,Khumbu,Khumbu-Rolwaling-Makalu,Climbed,1,0,0,0,2003,Spring,Apr 19,"Japan, Nepal","Katsuo Fukuhara, Tadashi Morita, Kanji Shimizu, Durga Rai, Hit Bahadur Tamang, Ram Kaji Tamang, Tul Bahadur Tamang"
HERZ,Herzog Peak,Nepal only,7555,24787,Annapurna,Annapurna-Damodar-Peri,Climbed,1,0,0,0,0,All,Unknown,Unknown,Climbed?
HIME,Himalchuli East,Nepal only,7893,25896,Manaslu/Mansiri,Manaslu-Ganesh,Climbed,1,0,0,0,1960,Spring,May 24,Japan,"Masahiro Harada, Hisashi Tanabe"
HIMJ,Himjung,Nepal only,7092,23268,Peri,Annapurna-Damodar-Peri,Climbed,1,0,0,20,2012,Autumn,Oct 12,S Korea,"Kim Chang-Ho, An Chi-Young"
HIML,Himlung Himal,Nepal only,7126,23379,Peri,Annapurna-Damodar-Peri,Climbed,1,0,0,0,1992,Spring,Oct 03,"Japan, Nepal","Osamu Hanai, Akio Koizumi, Nima Sherpa"
HIMN,Himalchuli North,Nepal only,7331,24052,Manaslu/Mansiri,Manaslu-Ganesh,Climbed,1,0,0,0,1985,Autumn,Oct 27,"S Korea, Nepal","Lee Jae-Hong, Ang Pasang Sherpa, Jangbu Sherpa, Lhakpa Norbu Sherpa, Pasang Dawa Sherpa"
HIMW,Himalchuli West,Nepal only,7540,24738,Manaslu/Mansiri,Manaslu-Ganesh,Climbed,1,0,0,0,1978,Spring,May 07,Japan,"Yoshio Ogata, Kazuhiro Sugeno"
HIUP,Hiunchuli,Nepal only,6434,21109,Annapurna,Annapurna-Damodar-Peri,Climbed,0,0,1,1978,1971,Autumn,Oct 10,USA,"Craig Anderson, Peter Cross, Jim Richards, John Skow, Lane Smith"
HMLE,Himlung East,Nepal & China,6932,22743,Peri,Annapurna-Damodar-Peri,Climbed,1,0,0,0,2017,Spring,May 08,"France, Nepal","Paulo Grobel, Isabelle Guillaume, Rajan Lama Bhote, Jangbu Sherpa"
HNKU,Hongku Chuli,Nepal only,6833,22418,Khumbu,Khumbu-Rolwaling-Makalu,Unclimbed,1,0,0,0,0,All,Unknown,Unknown,Unclimbed
HONG,Hongde,Nepal only,6556,21509,Mukut/Mustang,Dhaulagiri-Mukut,Climbed,1,0,0,0,1962,Spring,May 08,"Japan, Nepal","Shijiro Ishizaka, Zenkichi Hirayama, Takashi Miyahara, Ang Dawa Sherpa, Ang Temba Sherpa"
HONK,Hongku,Nepal only,6764,22192,Khumbu,Khumbu-Rolwaling-Makalu,Climbed,1,0,0,0,2015,Autumn,Oct 09,France,"Alberto Inurrategi Iriarte, Juan Vallejo Llanos, Miguel Zabalza Azkona"
HUGO,Hulang Go,Nepal & India,6687,21939,Peri,Annapurna-Damodar-Peri,Unclimbed,1,0,0,0,0,All,Unknown,Unknown,Unclimbed
HUNK,Hunku,Nepal only,6119,20075,Khumbu,Khumbu-Rolwaling-Makalu,Climbed,0,1,0,0,2012,Autumn,Nov 11,UK,"Nick Bullock, Andy Houseman"
IMJA,Imjatse,Nepal only,6165,20226,Khumbu,Khumbu-Rolwaling-Makalu,Climbed,0,0,1,1978,1956,Spring,Unknown,"Switzerland, Nepal","Hansrudolf Von Gunten, 2 unknown Sherpas"
JABR,Jabou Ri,Nepal only,6166,20230,Rolwaling,Khumbu-Rolwaling-Makalu,Climbed,1,0,0,0,2015,Autumn,Sep 15,USA,"Ryan Waters, Eric Larsen"
JAGD,Jagdula,Nepal only,5761,18901,Kanjiroba,Far West-Kanjiroba,Climbed,1,0,0,0,2013,Spring,Apr 30,France,Francois Damilano
JANE,Jannu East,Nepal only,7460,24475,Kangchenjunga/Simhalila,Kangchenjunga-Janak,Unclimbed,1,0,0,0,0,All,Unknown,Unknown,Unknown
JANK,Janak Chuli,Nepal & China,7041,23100,Janak/Ohmi Kangri,Kangchenjunga-Janak,Climbed,1,0,0,0,2006,Spring,May 06,Slovenia,"Andrej Stremfelj, Rok Zalokar"
JANU,Jannu,Nepal only,7711,25299,Kangchenjunga/Simhalila,Kangchenjunga-Janak,Climbed,1,0,0,0,1962,Spring,Apr 27,"France, Nepal","Rene Desmaison, Paul Keller, Robert Paragot, Gyalzen Mitchung Sherpa"
JARK,Jarkya,Nepal & China,6473,21237,Manaslu/Mansiri,Manaslu-Ganesh,Unclimbed,1,0,0,0,0,All,Unknown,Unknown,Unclimbed
JASG,Jasemba Goth,Nepal only,6730,22080,Khumbu,Khumbu-Rolwaling-Makalu,Climbed,1,0,0,0,1964,Spring,Apr 08,W Germany,"Georg Huber, Fritz Stammberger"
JETH,Jethi Bahurani,Nepal only,6850,22474,Api/Byas Risi/Guras,Far West-Kanjiroba,Climbed,1,0,0,0,1978,Spring,Apr 27,Japan,"Kazuo Mitsui, Nobuhito Morota, Hideki Yoshida"
JING,Jinjang,Nepal only,6111,20049,Damodar,Annapurna-Damodar-Peri,Climbed,1,0,0,0,0,All,Unknown,Unknown,Climbed by Japanese in April 1983?
JOBO,Jobo Rinjang,Nepal only,6778,22238,Rolwaling,Khumbu-Rolwaling-Makalu,Climbed,1,0,0,0,2009,Spring,Apr 22,USA,"Joe Puryear, David Gottlieb"
JOMS,Jomsom Himal,Nepal only,6335,20784,Damodar,Annapurna-Damodar-Peri,Climbed,1,0,0,0,2003,Autumn,Nov 04,"France, Nepal","Hugues De Varax, Yves Exbrayat, Frederique Gaume, Paulo Grobel, Mingma Temba Sherpa"
JONG,Jongsang,"Nepal, China & India",7462,24482,Jongsang,Kangchenjunga-Janak,Climbed,1,0,0,0,1930,Spring,Jun 03,"Germany, Austria","Hermann Hoerlin, Erwin Schneider"
JUNC,Junction Peak,Nepal only,7133,23402,Dhaulagiri,Dhaulagiri-Mukut,Unclimbed,0,1,0,0,0,All,Unknown,Unknown,Unclimbed
JYAC,Jyachhung,Nepal & China,6338,20794,Api/Byas Risi/Guras,Far West-Kanjiroba,Unclimbed,1,0,0,0,0,All,Unknown,Unknown,Unclimbed
KABD,Kabru Dome,India only,6600,21654,Kangchenjunga/Simhalila,Kangchenjunga-Janak,Climbed,0,1,0,0,1982,Autumn,Sep 24,India,"Mahabir Thakur, Tshering Lobsang, K. N. Singh, Gautam Dutta, P. Bhotia, Umeshari Devi"
KABN,Kabru North,Nepal & India,7338,24075,Kangchenjunga/Simhalila,Kangchenjunga-Janak,Climbed,0,1,0,0,1935,Autumn,Nov 18,UK,C. R. (Reggie) Cooke
KABR,Kabru Main,Nepal & India,7412,24318,Kangchenjunga/Simhalila,Kangchenjunga-Janak,Climbed,1,0,0,0,1994,Spring,May 12,India,"Dan Singh, 2 unknown members"
KABS,Kabru South,Nepal & India,7318,24009,Kangchenjunga/Simhalila,Kangchenjunga-Janak,Climbed,1,0,0,0,1994,Spring,May 12,India,"S. P. Malik, N. Arshad, 11 members"
KAG1,Kagmara I,Nepal only,5978,19613,Kanjiroba,Far West-Kanjiroba,Climbed,1,0,0,0,1962,Spring,May 23,"UK, Nepal","Dorothea Gravina, Denise Evans, Nancy Smith, Pat Wood, Ang Temba Sherpa, Mingma Tsering Sherpa, Pemba Norbu Sherpa"
KAGA,Kanta Gaton,Nepal only,5910,19390,Kanjiroba,Far West-Kanjiroba,Climbed,1,0,0,0,2009,Summer,Aug 16,"France, Nepal","Jean-Rene Minelli, Abel Minelli, Eienne Minelli, Sarah Minelli, Pemba Jangbu Sherpa"
KAIP,Kaipuchonam,Nepal & China,6329,20764,Kanti/Palchung,Far West-Kanjiroba,Unclimbed,1,0,0,0,0,All,Unknown,Unknown,Unclimbed
KAKU,Kang Kuru,Nepal only,6344,20814,Mukut/Mustang,Dhaulagiri-Mukut,Climbed,0,1,0,0,2008,Spring,Apr 16,USA,"Peter Athans, Theodore Hessler"
KALI,Kali Himal,Nepal only,6985,22917,Khumbu,Khumbu-Rolwaling-Makalu,Climbed,1,0,0,0,1983,Spring,Apr 05,Netherlands,"Joost Ubblink, Edwin Van Nieuwkerk"
KAN1,Kande Hiunchuli North  I,Nepal only,6521,21394,Kanjiroba,Far West-Kanjiroba,Unclimbed,0,1,0,0,0,All,Unknown,Unknown,Unclimbed
KAN2,Kande Hiunchuli North  II,Nepal only,6471,21230,Kanjiroba,Far West-Kanjiroba,Climbed,0,1,0,0,1980,Spring,May 03,Switzerland,"Daniel Chevallier, Pierre Galland"
KANB,Kangbachen,Nepal only,7902,25925,Kangchenjunga/Simhalila,Kangchenjunga-Janak,Climbed,1,0,0,0,1974,Spring,May 26,Poland,"Wojciech Branski, Wieslaw Klaput, Marek Malatynski, Kazimierz Olech, Zbigniew Rubinowski"
KANC,Kangchenjunga Central,Nepal & India,8473,27799,Kangchenjunga/Simhalila,Kangchenjunga-Janak,Climbed,1,0,0,0,1978,Spring,May 22,Poland,"Wojciech Branski, Zygmunt Heinrich, Kazimierz Olech"
KAND,Kande Hiunchuli,Nepal only,6627,21742,Kanjiroba,Far West-Kanjiroba,Climbed,1,0,0,0,1972,Autumn,Oct 18,Japan,"Toyokazu Hirota, Shigeru Kuwahata"
KANG,Kangchenjunga,Nepal & India,8586,28169,Kangchenjunga/Simhalila,Kangchenjunga-Janak,Climbed,1,0,0,0,1955,Spring,May 25,UK,"George Band, Joe Brown"
KANN,Kangchenjunga North,Nepal & India,7938,26043,Kangchenjunga/Simhalila,Kangchenjunga-Janak,Unclimbed,1,0,0,0,0,All,Unknown,Unknown,Unclimbed?
KANS,Kangchenjunga South,Nepal & India,8476,27808,Kangchenjunga/Simhalila,Kangchenjunga-Janak,Climbed,1,0,0,0,1978,Spring,May 19,Poland,"Eugeniusz Chrobak, Wojciech Wroz"
KANT,Kanti Himal,Nepal & China,6850,22474,Kanti/Palchung,Far West-Kanjiroba,Climbed,1,0,0,0,2002,Autumn,Sep 24,"Japan, Nepal","Toyoji Wada, Katsumi Nishida, Atsushi Senda, Hyosuke Tsuboi, Yusuke Ueda, Ang Mingm Sherpa, Karchen Dawa Sherpa, Nga Dorje Sherpa"
KAPT,Kaptang,Nepal & China,5965,19570,Kanti/Palchung,Far West-Kanjiroba,Climbed,1,0,0,0,2009,Autumn,Jun 09,"Japan, Nepal","Tamotsu Ohnishi, Toshitsugi Irizawa, Gombu Sherpa"
KARK,Karko,Nepal only,6015,19734,Saipal,Far West-Kanjiroba,Unclimbed,1,0,0,0,0,All,Unknown,Unknown,Unclimbed?
KARS,Karsang Kang,Nepal only,6225,20423,Damodar,Annapurna-Damodar-Peri,Climbed,1,0,0,0,2008,Autumn,Oct 11,France,"Paulo Grobel, Mary Cler"
KARY,Karyolung,Nepal only,6530,21424,Rolwaling,Khumbu-Rolwaling-Makalu,Climbed,1,0,0,0,1982,Autumn,Oct 31,"Japan, Nepal","Yoshiyuki Inoue, Masatoshi Iwasa, Hiroshi Nishie, Yogendra Thapa, Gita Bdr Joshi, Babu Ram Pun, Gore Tamang, Pemba Tshering Sherpa"
KASI,Kasi Dalpha,Nepal only,6386,20951,Kanjiroba,Far West-Kanjiroba,Unclimbed,1,0,0,0,0,All,Unknown,Unknown,Unclimbed
KBNE,Kangbachen East,Nepal only,7780,25525,Kangchenjunga/Simhalila,Kangchenjunga-Janak,Unclimbed,1,0,0,0,0,All,Unknown,Unknown,Unclimbed
KBON,Konabon,Nepal only,6570,21555,Dhaulagiri,Dhaulagiri-Mukut,Unclimbed,1,0,0,0,0,All,Unknown,Unknown,Unclimbed
KCHN,Kangchung Nup,Nepal only,6043,19826,Khumbu,Khumbu-Rolwaling-Makalu,Climbed,0,1,0,0,1953,Spring,Apr 04,"UK, New Zealand","Edmund Hillary, Wilfred Noyce, Charles Wylie"
KCHS,Kangchung Shar,Nepal only,6063,19892,Khumbu,Khumbu-Rolwaling-Makalu,Climbed,1,0,0,0,1984,Autumn,Nov 01,Yugoslavia,Francek Knez
KGRI,Khangri Shar,Nepal only,6792,22283,Khumbu,Khumbu-Rolwaling-Makalu,Unclimbed,1,0,0,0,0,All,Unknown,Unknown,Unclimbed
KGRW,Khangri West,Nepal only,6658,21844,Khumbu,Khumbu-Rolwaling-Makalu,Unclimbed,1,0,0,0,0,All,Unknown,Unknown,Unclimbed
KGUR,Kang Guru,Nepal only,6981,22904,Peri,Annapurna-Damodar-Peri,Climbed,1,0,0,0,1955,Summer,Jul 02,W Germany,"Heinz Steinmetz, Fritz Lobbichler, Juergen Wellenkamp"
KHAM,Khamjung,Nepal only,6759,22175,Damodar,Annapurna-Damodar-Peri,Climbed,1,0,0,0,1982,All,Unknown,Japan,Climbed?
KHAT,Khatang,Nepal only,6790,22277,Rolwaling,Khumbu-Rolwaling-Makalu,Climbed,1,0,0,0,1982,Autumn,Oct 30,"Japan, Nepal","Tatsumi Kawamura, Yoshimi Kitayama, Dorje Sherpa"
KHAY,Khayang,Nepal & China,6186,20295,Manaslu/Mansiri,Manaslu-Ganesh,Unclimbed,1,0,0,0,0,All,Unknown,Unknown,Unclimbed?
KHNG,Khung,Nepal & China,6024,19764,Kanti/Palchung,Far West-Kanjiroba,Unclimbed,1,0,0,0,0,All,Unknown,Unknown,Unclimbed
KHON,Khongma Tse,Nepal only,5798,19022,Khumbu,Khumbu-Rolwaling-Makalu,Climbed,0,0,1,1978,0,All,Unknown,Unknown,1st ascent unknown
KHUM,Khumbutse,Nepal & China,6639,21781,Khumbu,Khumbu-Rolwaling-Makalu,Unclimbed,1,0,0,0,0,All,Unknown,Unknown,Unclimbed
KIMS,Kimshung,Nepal only,6781,22247,Langtang,Langtang-Jugal,Unclimbed,0,1,0,0,0,All,Unknown,Unknown,Unknown
KIRA,Kirat Chuli,Nepal & India,7362,24154,Jongsang,Kangchenjunga-Janak,Climbed,1,0,0,0,1939,Summer,May 29,"Switzerland, Germany","Ernst Grob, Herbert Paidar, Ludwig Schmaderer"
KJER,Kanjeralwa,Nepal only,6612,21693,Kanjiroba,Far West-Kanjiroba,Climbed,1,0,0,0,1973,Spring,Apr 22,"Japan, Nepal","Yasuaki Goshima, Koichi Kyogoku, Mingma Tensing Sherpa, Mingma Tsering Sherpa"
KJRN,Kanjiroba North,Nepal only,6858,22500,Kanjiroba,Far West-Kanjiroba,Unclimbed,1,0,0,0,0,All,Unknown,Unknown,Unclimbed
KJRS,Kanjiroba South,Nepal only,6883,22582,Kanjiroba,Far West-Kanjiroba,Climbed,1,0,0,0,1970,Autumn,Nov 07,Japan,"Hiroshi Okuda, Ichiryo Sato, Munehiro Sawada"
KNAG,Kang Nagchugo,Nepal & China,6737,22103,Rolwaling,Khumbu-Rolwaling-Makalu,Climbed,1,0,0,0,2008,Autumn,Oct 17,USA,"Joseph Puryear, David Gottlieb"
KNTE,Kanti Himal East,Nepal & China,6516,21378,Kanti/Palchung,Far West-Kanjiroba,Unclimbed,1,0,0,0,0,All,Unknown,Unknown,Unclimbed
KOGI,Kogi Khang North,Nepal & China,6275,20587,Kanti/Palchung,Far West-Kanjiroba,Unclimbed,1,0,0,0,0,All,Unknown,Unknown,Unclimbed
KOJI,Kojichuwa Chuli,Nepal & China,6439,21125,Kanti/Palchung,Far West-Kanjiroba,Climbed,1,0,0,0,2010,Spring,May 25,Japan,"Ken Fujikawa, Yuta Kawamura, Satoshi Kimoto"
KOJS,Kojichuwa South,Nepal & China,6264,20551,Kanti/Palchung,Far West-Kanjiroba,Unclimbed,1,0,0,0,0,All,Unknown,Unknown,Unclimbed
KOTA,Kotang,Nepal & India,6148,20171,Kangchenjunga/Simhalila,Kangchenjunga-Janak,Climbed,1,0,0,0,1982,Autumn,Oct 11,Inida,"K. V. Cherian, Nima Tashi Sherpa, Ang Norbu, Ki Kami Sherpa"
KTEG,Kangtega,Nepal only,6783,22254,Khumbu,Khumbu-Rolwaling-Makalu,Climbed,1,0,0,0,1963,Spring,Jun 05,"New Zealand, USA","David Dornan, Tom Frost, Michael Gill, Jim Wilson"
KTOK,Kangtokal,Nepal only,6294,20650,Dhaulagiri,Dhaulagiri-Mukut,Climbed,1,0,0,0,1962,Spring,Jun 06,"Japan, Nepal","Zenkichi Hirayama, Ang Temba Sherpa"
KTSU,Kangtsune,Nepal only,6444,21142,Kanjiroba,Far West-Kanjiroba,Unclimbed,0,1,0,0,0,All,Unknown,Unknown,Unclimbed
KTUN,Khatung Khang,Nepal only,6484,21273,Annapurna,Annapurna-Damodar-Peri,Climbed,1,0,0,0,1956,Spring,Apr 12,Switzerland,"Arthur Baumgartner, Marguerite Deriaz"
KUML,Kumlung,Nepal only,6355,20850,Damodar,Annapurna-Damodar-Peri,Climbed,1,0,0,0,2008,Autumn,Oct 14,France,"Paulo Grobel, Paul Vulin"
KUSU,Kusum Kanguru,Nepal only,6370,20899,Khumbu,Khumbu-Rolwaling-Makalu,Climbed,0,0,1,1978,1981,Autumn,Oct 07,New Zealand,Bill Denz
KWAN,Kwangde,Nepal only,6186,20295,Rolwaling,Khumbu-Rolwaling-Makalu,Climbed,0,0,1,1978,1978,Autumn,Nov 11,Japan,"Takashi Iwahashi, Yoshihisa Ishikawa, Seiji Ogawa"
KYAB,Kyabura,Nepal only,6294,20650,Kangchenjunga/Simhalila,Kangchenjunga-Janak,Unclimbed,1,0,0,0,0,All,Unknown,Unknown,Unclimbed?
KYAS,Kyashar,Nepal only,6770,22211,Khumbu,Khumbu-Rolwaling-Makalu,Climbed,1,0,0,0,2003,Autumn,Oct 18,"UK, Austria, Swiss","Bruce Normand, Sam Broderick, Andreas Frank"
KYAZ,Kyazo Ri,Nepal only,6151,20180,Khumbu,Khumbu-Rolwaling-Makalu,Climbed,0,0,1,2002,2002,Autumn,Oct 20,"UK, France","Duncan Wilson, Vincent Marche"
KYR1,Kyungka Ri 1,Nepal only,6599,21650,Langtang,Langtang-Jugal,Climbed,1,0,0,0,2017,Autumn,Oc 15,S Korea,"Han San-Hum, Oh Chi-Wan"
KYR2,Kyungka Ri 2,Nepal & China,6506,21345,Langtang,Langtang-Jugal,Unclimbed,1,0,0,0,0,All,Unknown,Unknown,Unclimbed
LAMJ,Lamjung Himal,Nepal only,6983,22910,Annapurna,Annapurna-Damodar-Peri,Climbed,1,0,0,0,1974,Spring,Apr 25,UK,"Derrick Chamberlain, Phillip Neame"
LAMP,Lampo,Nepal & China,6648,21811,Ganesh/Shringi,Manaslu-Ganesh,Unclimbed,0,1,0,0,0,All,Unknown,Unknown,Unclimbed
LANG,Langtang Lirung,Nepal only,7227,23711,Langtang,Langtang-Jugal,Climbed,1,0,0,0,1978,Autumn,Oct 24,"Japan, Nepal","Seishi Wada, Pemba Tsering Sherpa"
LANR,Langtang Ri,Nepal & China,7205,23638,Langtang,Langtang-Jugal,Climbed,1,0,0,0,1981,Autumn,Oct 10,"Japan, Nepal","Soichi Nasu, Makihiro Wakao, Noboru Yamada, Ang Rinji Sherpa"
LANY,Langtang Yubra,Nepal only,6048,19843,Langtang,Langtang-Jugal,Unclimbed,0,0,1,0,2018,Autumn,Oct 21,"Australia, Netherands, Nepal","Karen De Lathouder, Elizabeth Finden, Edith Jankowski, Chris Jones, Warren Townsden, Lhakpa Nuru Sherpa, Mingma Sherpa, Nawang Sherpa, Phurba Sherpa, Sona Sherpa"
LARK,Larkya Peak,Nepal only,6416,21050,Manaslu/Mansiri,Manaslu-Ganesh,Climbed,0,0,1,0,2017,Autumn,Sep 27,Georgia,"Archil Badriashvili, Giorgi Tepnadze, Bakar Gelashvili"
LAS2,Lashar II,Nepal & China,6803,22320,Janak/Ohmi Kangri,Kangchenjunga-Janak,Unclimbed,1,0,0,0,0,All,Unknown,Unknown,Unclimbed
LASA,Lasa,Nepal & China,6189,20305,Api/Byas Risi/Guras,Far West-Kanjiroba,Unclimbed,1,0,0,0,0,All,Unknown,Unknown,Unclimbed
LASH,Lashar I,Nepal & China,6842,22448,Janak/Ohmi Kangri,Kangchenjunga-Janak,Climbed,1,0,0,0,2005,Autumn,Oct 12,Slovenia,"Andrej Stremfelj, Miha Habjan"
LCHA,Lachama Chuli,Nepal & China,6721,22051,Nalakankar/Chandi/Changla,Far West-Kanjiroba,Climbed,1,0,0,0,2007,Autumn,Sep 14,Japan,"Atsushi Senda, Ryouta Fujii, Keizou Ishikawa, Hiroshi Kobayashi, Kouhei Kotani, Naoki Shimozato, Yuhki Tani"
LCHN,Lachama North,Nepal & China,6628,21745,Nalakankar/Chandi/Changla,Far West-Kanjiroba,Unclimbed,1,0,0,0,0,All,Unknown,Unknown,Unclimbed
LDAK,Langdak,Nepal only,6220,20407,Rolwaling,Khumbu-Rolwaling-Makalu,Climbed,1,0,0,0,2015,Autumn,Oct 05,Nepal,"Dawa Gyalje Sherpa, Nima Tenji Sherpa, Tashi Sherpa"
LDNG,Langdung,Nepal & China,6326,20755,Rolwaling,Khumbu-Rolwaling-Makalu,Climbed,1,0,0,0,2017,Winter,Dec 20,Nepal,"Nima Tenji Sherpa, Dawa Gyalje Sherpa, Dawa Yangzum Sherpa, Pasang Kitar Sherpa"
LEOE,Leonpo Gang East,Nepal & China,6733,22090,Jugal,Langtang-Jugal,Climbed,1,0,0,0,1955,Spring,May 11,"UK, Nepal","Monica Jackson, Elizabeth Stark, Mingma Gyalgen Sherpa, Ang Temba Sherpa"
LEON,Leonpo Gang,Nepal & China,6979,22897,Jugal,Langtang-Jugal,Climbed,1,0,0,0,1962,Spring,May 03,Japan,"Tadashi Morita, Kazunari Yasuhisa"
LHAS,Lha Shamma,Nepal only,6412,21037,Kanjiroba,Far West-Kanjiroba,Climbed,1,0,0,0,1962,Spring,May 14,"UK, Nepal","Josephine Scarr, Barbara Spark, Mingma Tsering Sherpa, Pemba Norbu Sherpa"
LHAY,Lhayul Peak,Nepal only,6395,20981,Api/Byas Risi/Guras,Far West-Kanjiroba,Unclimbed,1,0,0,0,0,All,Unknown,Unknown,Unclimbed
LHOM,Lhotse Middle,Nepal & China,8410,27592,Khumbu,Khumbu-Rolwaling-Makalu,Climbed,1,0,0,0,2001,Spring,May 23,Russia,"Sergei Timofeev, Alexei Bolotov, Piotr Kouznetsov, Evgeni Vinogradski"
LHOT,Lhotse,Nepal & China,8516,27940,Khumbu,Khumbu-Rolwaling-Makalu,Climbed,1,0,0,0,1956,Spring,May 18,Switzerland,"Fritz Luchsinger, Ernst Reiss"
LIK1,Linkhu Chuli Shar,Nepal only,6719,22044,Rolwaling,Khumbu-Rolwaling-Makalu,Climbed,1,0,0,0,2013,Autumn,Nov 13,Germany,Ines Papert
LIK2,Linkhu Chuli Nup,Nepal only,6659,21847,Rolwaling,Khumbu-Rolwaling-Makalu,Climbed,1,0,0,0,1960,Autumn,Oct 21,"France, Nepal","Alain Barbezat, Cecile Barbezat, Nawang Dorje Sherpa"
LING,Lingtren,Nepal & China,6713,22024,Khumbu,Khumbu-Rolwaling-Makalu,Climbed,1,0,0,0,1935,Summer,Aug,UK,"Eric Shipton, Dan Bryant"
LMOC,Langmoche Ri,Nepal only,6552,21496,Rolwaling,Khumbu-Rolwaling-Makalu,Climbed,1,0,0,0,2012,Autumn,Nov 17,USA,"Roberto Villanueva, Alan Rousseau"
LNAK,Lhonak,Nepal only,6070,19915,Janak/Ohmi Kangri,Kangchenjunga-Janak,Unclimbed,1,0,0,0,0,All,Unknown,Unknown,Unclimbed
LNGK,Langchung Khang,Nepal & China,6786,22264,Jongsang,Kangchenjunga-Janak,Unclimbed,1,0,0,0,0,All,Unknown,Unknown,Unclimbed?
LNJU,Langju,Nepal only,6426,21083,Ganesh/Shringi,Manaslu-Ganesh,Climbed,1,0,0,0,2017,Autumn,Oct 17,Japan,"Norifumi Fukuda, Kojuro Hagihara, Yudai Suzuki"
LNKE,Lunchhung Kamo East,Nepal only,6024,19764,Kanti/Palchung,Far West-Kanjiroba,Climbed,0,1,0,0,1999,Summer,Jul 09,"Japan, Nepal","Tamotsu Ohnishi, Takehiko Yanagihara, Chuldim Nuru Sherpa, Kancha Dawa Sherpa"
LNPO,Langpo,Nepal & India,6965,22851,Jongsang,Kangchenjunga-Janak,Climbed,1,0,0,0,1909,Autumn,Sep 14,UK,A. M. Kellas
LOBE,Lobuje East,Nepal only,6090,19980,Khumbu,Khumbu-Rolwaling-Makalu,Climbed,0,0,1,1978,1984,Spring,Apr 25,"USA, Nepal","Larry Nielson, Any Gyaltsen Sherpa"
LOBW,Lobuje West,Nepal only,6135,20128,Khumbu,Khumbu-Rolwaling-Makalu,Climbed,0,0,1,2002,1984,Autumn,Sep 28,Japan,"Yuji Kawakura, Yoshihiro Taguchi"
LSAM,Lungsampa,Nepal only,6500,21325,Khumbu,Khumbu-Rolwaling-Makalu,Climbed,1,0,0,0,2014,All,Unknown,Spain,"Jordi Corominas, Jordi Tosas"
LSHR,Lhotse Shar,Nepal & China,8382,27500,Khumbu,Khumbu-Rolwaling-Makalu,Climbed,1,0,0,0,1970,Spring,May 12,Austria,"Josef Mayerl, Rolf Walter"
LSIS,Langshisa Ri,Nepal only,6412,21037,Jugal,Langtang-Jugal,Climbed,0,0,1,2002,1982,Spring,Apr 23,"Japan, Nepal","Takuya Kajimoto, Pasang Norbu Sherpa"
LUGU,Lugula,Nepal & China,6899,22635,Damodar,Annapurna-Damodar-Peri,Climbed,1,0,0,0,2010,Autumn,Nov 02,France,Renald Guillaune
LUN2,Lunag II,Nepal only,6812,22349,Rolwaling,Khumbu-Rolwaling-Makalu,Climbed,0,1,0,0,2010,Autumn,Oct 26,France,"Mathieu Detrie, Max Belleville, Mathiew Maynadier, Sebastien Ratel"
LUNG,Lungchhung,Nepal & China,6043,19826,Kanti/Palchung,Far West-Kanjiroba,Unclimbed,1,0,0,0,0,All,Unknown,Unknown,Unclimbed
LUNR,Lunag Ri,Nepal & China,6895,22621,Rolwaling,Khumbu-Rolwaling-Makalu,Unclimbed,0,1,0,0,0,All,Unknown,Unknown,Unknown
LUNW,Lunag West,Nepal & China,6492,21299,Rolwaling,Khumbu-Rolwaling-Makalu,Climbed,0,1,0,0,2013,Autumn,Oct 22,USA,"Scott Adamson, Chris Wright"
MACH,Machhapuchhare,Nepal only,6993,22943,Annapurna,Annapurna-Damodar-Peri,Unclimbed,0,1,0,0,0,All,Unknown,Unknown,Unclimbed
MAK2,Makalu II,Nepal & China,7678,25190,Makalu,Khumbu-Rolwaling-Makalu,Climbed,1,0,0,0,1954,Autumn,Oct 22,"UK, Nepal","Jean Franco, Lionel Terray, Gyaltsen Norbu Sherpa, Pa Norbu Sherpa"
MAKA,Makalu,Nepal & China,8485,27838,Makalu,Khumbu-Rolwaling-Makalu,Climbed,1,0,0,0,1955,Spring,May 15,France,"Jean Couzy, Lionel Terray"
MALA,Malanphulan,Nepal only,6573,21565,Khumbu,Khumbu-Rolwaling-Makalu,Climbed,1,0,0,0,2000,Spring,Apr 28,USA,"Peter Carse, Amy Bullard"
MANA,Manaslu,Nepal only,8163,26781,Manaslu/Mansiri,Manaslu-Ganesh,Climbed,1,0,0,0,1956,Spring,May 09,"Japan, Nepal","Toshio Imanishi, Gyaltsen Norbu Sherpa"
MANN,Manaslu North,Nepal only,6994,22946,Manaslu/Mansiri,Manaslu-Ganesh,Climbed,1,0,0,0,1964,Autumn,Oct 25,"Netherlands, Austria, Nepal","Alfons Driessen, Jan De Lint, Hubert Schriebl, Ila Tshering Sherpa, Nima Tenzing Sherpa"
MANP,Manapathi,Nepal only,6380,20932,Dhaulagiri,Dhaulagiri-Mukut,Climbed,1,0,0,0,1956,Spring,Apr 25,"Argentina, Nepal","Emiliano Huerta, Ayiwa Sherpa"
MARD,Mardi Himal,Nepal only,5553,18219,Annapurna,Annapurna-Damodar-Peri,Climbed,0,0,1,1978,1962,Spring,Apr 23,"UK, Nepal","J. O. M. Roberts, Ang Tshering Sherpa, Tenzing Nindra Sherpa"
MARI,Mariyang,Nepal & China,6528,21417,Kanti/Palchung,Far West-Kanjiroba,Unclimbed,1,0,0,0,0,All,Unknown,Unknown,Unclimbed
MARW,Mariyang West,Nepal & China,6455,21178,Kanti/Palchung,Far West-Kanjiroba,Unclimbed,1,0,0,0,0,All,Unknown,Unknown,Unclimbed
MATA,Matathumba,Nepal only,5767,18921,Kanjiroba,Far West-Kanjiroba,Climbed,0,1,0,0,1961,Spring,May 16,"UK, Nepal","John Tyson, James Burnet, John Earle, Mingma Tsering, Ang Temba Sherpa"
MAYT,Mayonthang Kang,Nepal & China,6449,21158,Kanti/Palchung,Far West-Kanjiroba,Unclimbed,1,0,0,0,0,All,Unknown,Unknown,Unclimbed
MERA,Mera Peak,Nepal only,6470,21227,Khumbu,Khumbu-Rolwaling-Makalu,Climbed,0,0,1,1978,1953,Spring,May,"UK, Nepal","J. O. M. Roberts, Sen Tenzing Sherpa"
MERR,Merra,Nepal only,6334,20781,Kangchenjunga/Simhalila,Kangchenjunga-Janak,Climbed,1,0,0,0,2006,Autumn,Oct 18,Denmark,Claus Ostergaard
MERS,Mera South,Nepal only,6064,19895,Khumbu,Khumbu-Rolwaling-Makalu,Unclimbed,1,0,0,0,0,All,Unknown,Unknown,Unclimbed?
MING,Mingbo Ri,Nepal only,6207,20364,Khumbu,Khumbu-Rolwaling-Makalu,Unclimbed,0,1,0,0,0,All,Unknown,Unknown,Unclimbed
MNSL,Mansail,Nepal only,6235,20456,Mukut/Mustang,Dhaulagiri-Mukut,Climbed,1,0,0,0,2014,Autumn,Sep 29,Japan,"Yukiko Inoue, Eri Hasegawa, Mariko Nakamura, Kei Taniguchi"
MNSS,Mansail South,Nepal only,6248,20499,Mukut/Mustang,Dhaulagiri-Mukut,Unclimbed,1,0,0,0,0,All,Unknown,Unknown,Unclimbed
MOJC,Mojca,Nepal only,6024,19764,Kangchenjunga/Simhalila,Kangchenjunga-Janak,Climbed,1,0,0,0,1974,Autumn,Oct 11,Yugoslavia,"Stane Belak, Danilo Cedilnik"
MPNW,Manapathi NW,Nepal only,6384,20945,Dhaulagiri,Dhaulagiri-Mukut,Climbed,0,1,0,0,1977,Spring,Apr 20,"Italy, UK, W Germany","Reinhold Messner, Leo Dickinson, Eric Jones, Otto Wiedemann"
MUKT,Mukut Himal,Nepal only,6087,19970,Mukut/Mustang,Dhaulagiri-Mukut,Climbed,1,0,0,0,1967,Autumn,Sep,Netherlands,"Alfons J. Driessen, Michiel van Mourik Broekman"
MUPK,Mustang Peak,Nepal only,6229,20436,Mukut/Mustang,Dhaulagiri-Mukut,Climbed,0,1,0,0,2001,Autumn,Oct 07,"Japan, Nepal","Tomatsu Ohnishi, Koji Mizutani, Takehiko Yanagihara, Katsuhiko Asahi, Mingma Nuru Sherpa, Chuldin Nuru Sherpa, Kancha Dawa Sherpa"
MUST,Mustang Himal,Nepal only,6195,20325,Mukut/Mustang,Dhaulagiri-Mukut,Climbed,1,0,0,0,2014,Autumn,Nov 02,USA,"Melissa Arnot, Ben Jones, Jon Mancuso"
MYAG,Myagdi Matha,Nepal only,6273,20581,Dhaulagiri,Dhaulagiri-Mukut,Unclimbed,0,1,0,0,0,All,Unknown,Unknown,Unclimbed?
NAG1,Nangpai Gosum I,Nepal & China,7321,24019,Khumbu,Khumbu-Rolwaling-Makalu,Climbed,1,0,0,0,2017,Autumn,Oct 03,Germany,Jost Kobusch
NAG2,Nangpai Gosum II,Nepal & China,7287,23907,Khumbu,Khumbu-Rolwaling-Makalu,Unclimbed,1,0,0,0,0,All,Unknown,Unknown,Unclimbed
NALA,Nalakankar North,Nepal & China,6062,19888,Nalakankar/Chandi/Changla,Far West-Kanjiroba,Climbed,1,0,0,0,2000,Summer,Jul 06,"Japan, Nepal","Takehiko Yanagihara, Ang Phurba Sherpa"
NALS,Nalakankar South,Nepal & China,6024,19764,Nalakankar/Chandi/Changla,Far West-Kanjiroba,Climbed,0,1,0,0,2000,Summer,Jul 07,"Japan, Nepal","Tamotsu Ohnishi, Takehiko Yanagihara, Chuldim Nuru Sherpa, Kancha Dawa Sherpa"
NAM2,Nampa II,Nepal only,6585,21604,Api/Byas Risi/Guras,Far West-Kanjiroba,Unclimbed,1,0,0,0,0,All,Unknown,Unknown,Unclimbed
NAM3,Nampa III,Nepal only,6611,21690,Api/Byas Risi/Guras,Far West-Kanjiroba,Unclimbed,1,0,0,0,0,All,Unknown,Unknown,Unclimbed
NAMP,Nampa,Nepal only,6729,22077,Api/Byas Risi/Guras,Far West-Kanjiroba,Climbed,1,0,0,0,1972,Spring,May 05,Japan,"Fukutoshi Kimura, Susumu Takahashi"
NAMS,Nampa South,Nepal only,6130,20112,Api/Byas Risi/Guras,Far West-Kanjiroba,Unclimbed,1,0,0,0,0,All,Unknown,Unknown,Unclimbed?
NAN2,Nangamari II,Nepal only,6209,20371,Janak/Ohmi Kangri,Kangchenjunga-Janak,Climbed,1,0,0,0,2016,Autumn,Oct 17,Japan,"Tsuneo Shigehiro, Kensuke Iwai, Kiyo Kuroda, Shiro Matsunaka, Yusuke Morimoto, Kanji Totegi, Miyoko Nagase, Masayuki Takenaka, Saori Tatsuno"
NANG,Nangamari I,Nepal & China,6547,21480,Janak/Ohmi Kangri,Kangchenjunga-Janak,Climbed,1,0,0,0,2010,Autumn,Nov 05,Australia,"Timothy Macartney-Snape, David Barton"
NAUL,Naulekh,Nepal only,6340,20801,Khumbu,Khumbu-Rolwaling-Makalu,Climbed,1,0,0,0,1954,Spring,Jun 08,New Zealand,"Colin Todd, Bill Beaven"
NAYA,Naya Kanga,Nepal only,5863,19236,Jugal,Langtang-Jugal,Climbed,0,0,1,1978,0,All,Unknown,Unknown,1st ascent unknown
NCHU,Nupchu,Nepal only,6172,20249,Janak/Ohmi Kangri,Kangchenjunga-Janak,Climbed,0,1,0,0,1962,Spring,May 20,Japan,"Takayuki Tsubaki, Chotare Sherpa"
NEMJ,Nemjung,Nepal only,7140,23425,Peri,Annapurna-Damodar-Peri,Climbed,1,0,0,0,1983,Spring,Oct 27,"Japan, Nepal","Makito Minami, Wataru Saito, Ken Takahashi, Kirki Lama"
NEPA,Nepal Peak,Nepal & India,7177,23547,Jongsang,Kangchenjunga-Janak,Climbed,1,0,0,0,1930,Spring,May 24,Austria,Erwin Schneider
NGAP,Nepal Gap Peak,Nepal & India,7007,22989,Kangchenjunga/Simhalila,Kangchenjunga-Janak,Unclimbed,1,0,0,0,0,All,Unknown,Unknown,Unclimbed?
NGO2,Ngojumba Kang II,Nepal & China,7743,25404,Khumbu,Khumbu-Rolwaling-Makalu,Climbed,1,0,0,0,1965,Spring,Apr 24,"Japan, Nepal","Naomi Uemura, Pemba Tenzing Sherpa"
NGO3,Ngojumba Kang III,Nepal & China,7681,25200,Khumbu,Khumbu-Rolwaling-Makalu,Unclimbed,1,0,0,0,0,All,Unknown,Unknown,Unclimbed
NGOJ,Ngojumba Kang I,Nepal & China,7916,25971,Khumbu,Khumbu-Rolwaling-Makalu,Climbed,1,0,0,0,1982,Autumn,Nov 02,"S Korea, Nepal","Kim Young-Han, Ang Tshering Sherpa, Dorje Sherpa"
NGOR,Nagoru,Nepal only,6165,20226,Peri,Annapurna-Damodar-Peri,Climbed,0,1,0,0,2016,Autumn,Oct 21,"Austria, Nepal","Wolfgang Drexler, Lawang Tamang"
NILC,Nilgiri Central,Nepal only,6940,22769,Annapurna,Annapurna-Damodar-Peri,Climbed,1,0,0,0,1979,Spring,Apr 30,Japan,"Kohichi Sakata, Yasuo Tsuda"
NILN,Nilgiri North,Nepal only,7061,23166,Annapurna,Annapurna-Damodar-Peri,Climbed,1,0,0,0,1962,Autumn,Oct 19,"Netherlands, France, Nepal","Lionel Terray, H. G. Van Lookern Campagne, P. Van Lookern Campagne, P. F. J. Van Lookern Campagne, Wangdi Sherpa"
NILS,Nilgiri South,Nepal only,6839,22438,Annapurna,Annapurna-Damodar-Peri,Climbed,1,0,0,0,1978,Autumn,Oct 10,Japan,"Kazuo Mitsui, Taichi Fujimatsu, Yoshiaki Kato, Nobuhito Morota, Seiji Tanaka, Hideki Yoshida"
NORB,Norbu Kang,Nepal only,6085,19964,Kanjiroba,Far West-Kanjiroba,Climbed,1,0,0,0,2003,Summer,Jun 25,"Japan, Nepal","Tamotsu Ohnishi, Tazuko Inoue, Koji Mizutani, Takehiro Yanigahara, Chuldim Nuru Sherpa, Kancha Dawa Sherpa"
NPHU,Narphu,Nepal only,5921,19426,Damodar,Annapurna-Damodar-Peri,Climbed,1,0,0,0,2014,Autumn,Nov 22,"UK, Nepal","Brian Jackson, Heather Bentley, Catherine Husted, Dawn Richardson, James Salt, Rhiannon Thomson, Mingma Dorje Sherpa, Pasang Sherpa Shikhar Pandey"
NREK,Nirekha,Nepal only,6159,20207,Khumbu,Khumbu-Rolwaling-Makalu,Climbed,0,0,1,2002,0,All,Unknown,Unknown,1st ascent unknown
NUMB,Numbur,Nepal only,6958,22828,Rolwaling,Khumbu-Rolwaling-Makalu,Climbed,1,0,0,0,1963,Spring,May 29,"Japan, Nepal","Hiroshi Matsuo, Mingma Tsering Sherpa"
NUMR,Numri,Nepal only,6635,21768,Khumbu,Khumbu-Rolwaling-Makalu,Climbed,1,0,0,0,2002,Autumn,Nov 07,Germany,"Olaf Rieck, Carsten Schmidt, Lydia Schubert"
NUPE,Nuptse East I,Nepal only,7795,25574,Khumbu,Khumbu-Rolwaling-Makalu,Climbed,1,0,0,0,2003,Autumn,Nov 02,Russia,"Valeri Babanov, Yuri Kochelenko"
NUPK,Nupche Kang,Nepal & China,6576,21575,Khumbu,Khumbu-Rolwaling-Makalu,Climbed,1,0,0,0,1964,Spring,Apr 06,"W Germany, Nepal","Fritz Stammberger, Aila Sherpa"
NUPL,Nup La Kang,Nepal & China,6861,22510,Khumbu,Khumbu-Rolwaling-Makalu,Climbed,1,0,0,0,2018,Autumn,Nov 02,"USA, Norway",Unknown
NUPT,Nuptse,Nepal only,7864,25801,Khumbu,Khumbu-Rolwaling-Makalu,Climbed,1,0,0,0,1961,Spring,May 16,"UK, Nepal","Dennis Davis, Tashi Sherpa"
OHMI,Ohmi Kangri,Nepal & China,6839,22438,Janak/Ohmi Kangri,Kangchenjunga-Janak,Climbed,1,0,0,0,1985,Spring,Apr 14,Switzerland,"Andre Rieder, Alain Vaucher"
OMBG,Ombigaichen,Nepal only,6340,20801,Khumbu,Khumbu-Rolwaling-Makalu,Climbed,0,0,1,2002,1960,Autumn,Nov 18,"New Zealand, Nepal","Jim Milledge, Ang Tsering Sherpa"
OMBK,Ombak Himal,China only,6300,20669,Janak/Ohmi Kangri,Kangchenjunga-Janak,Unclimbed,0,1,0,0,0,All,Unknown,Unknown,Unclimbed?
OMIT,Omitso Go,Nepal & China,6332,20774,Rolwaling,Khumbu-Rolwaling-Makalu,Unclimbed,1,0,0,0,0,All,Unknown,Unknown,Unclimbed
PALD,Paldor,Nepal only,5903,19367,Ganesh/Shringi,Manaslu-Ganesh,Climbed,0,0,1,1978,1949,Summer,Unknown,"UK, Nepal","H. W. Tilman, Peter Lloyd, Tenzing Sherpa, Da Namgyal Sherpa"
PAMA,Pama Himal,Nepal & China,6300,20669,Ganesh/Shringi,Manaslu-Ganesh,Unclimbed,1,0,0,0,0,All,Unknown,Unknown,Unclimbed
PAN1,Panpoche 1,Nepal only,6620,21719,Manaslu/Mansiri,Manaslu-Ganesh,Climbed,1,0,0,0,2019,Autumn,Oct 03,Georgia,"Archil Badriashvi, Bakari Gelashvili, Giorgi Tepnadze"
PAN2,Panpoche 2,Nepal only,6504,21339,Manaslu/Mansiri,Manaslu-Ganesh,Climbed,1,0,0,0,2019,Autumn,Sep 22,Georgia,"Archil Badriashvi, Bakari Gelashvili, Giorgi Tepnadze"
PANB,Panbari,Nepal only,6905,22654,Peri,Annapurna-Damodar-Peri,Climbed,1,0,0,0,2006,Autumn,Sep 29,Japan,"Yoshimi Kato, Gakuto Komiya, Sayaka Koyama, Kenro Nakajima, Yosuke Urabe"
PAND,Pandra,Nepal only,6670,21883,Janak/Ohmi Kangri,Kangchenjunga-Janak,Climbed,1,0,0,0,2002,Autumn,Oct 16,Denmark,"Allan Christensen, Bo Belvedere Christensen, Jan Mathorne"
PANG,Pangbuk Ri,Nepal & China,6625,21736,Rolwaling,Khumbu-Rolwaling-Makalu,Climbed,1,0,0,0,2011,Autumn,Nov 11,USA,"David Gottlieb, Chad Kellogg"
PANN,Pangbuk North,Nepal & China,6478,21253,Rolwaling,Khumbu-Rolwaling-Makalu,Climbed,0,1,0,0,2013,Autumn,Nov 01,USA,"Scott Adamson, Christopher Wright"
PANT,Panalotapa,Nepal only,6687,21939,Rolwaling,Khumbu-Rolwaling-Makalu,Climbed,1,0,0,0,1955,Spring,May,UK,"Peter Boultbee, Dennis Davis"
PARC,Parchamo,Nepal only,6279,20600,Rolwaling,Khumbu-Rolwaling-Makalu,Climbed,0,0,1,1978,1955,Spring,Apr,UK,"Peter Boultbee, Denis Davis"
PASA,Pasang Lhamu Chuli,Nepal & China,7350,24114,Khumbu,Khumbu-Rolwaling-Makalu,Climbed,1,0,0,0,1986,Autumn,Oct 12,Japan,"Katsushi Emura, Yukitoshi Endo, Katsuo Matsuki, Yoshihiro Shikoda"
PASH,Pashuwo,Nepal & China,6177,20266,Ganesh/Shringi,Manaslu-Ganesh,Unclimbed,1,0,0,0,0,All,Unknown,Unknown,Unclimbed
PATR,Patrasi Himal,Nepal only,6450,21161,Kanjiroba,Far West-Kanjiroba,Unclimbed,1,0,0,0,0,All,Unknown,Unknown,Unclimbed
PAWR,Pawar Central,Nepal only,6621,21722,Peri,Annapurna-Damodar-Peri,Climbed,0,1,0,0,2015,Spring,May 09,France,"Paulo Grobel, Frank Bonhomme, Christian Hurgon, Dhan Bahadur Magar, Dipen  Nuppa Bhote, Jangbu Sherpa, Rajan Lama Bhote"
PBUK,Pabuk Kang,Nepal & China,6244,20486,Janak/Ohmi Kangri,Kangchenjunga-Janak,Unclimbed,1,0,0,0,0,All,Unknown,Unknown,Unclimbed
PEMK,Pemthang Karpo Ri,Nepal & China,6865,22523,Jugal,Langtang-Jugal,Climbed,1,0,0,0,1955,Spring,May 14,"Switzerland, Nepal","Raymond Lambert, Ang Norbu Sherpa, Kami Tshering Sherpa, Pasang Sherpa, Pemba Gyaltzen Sherpa"
PERH,Peri Himal,Nepal & China,6296,20656,Peri,Annapurna-Damodar-Peri,Unclimbed,1,0,0,0,0,All,Unknown,Unknown,Unclimbed
PERI,Peri,Nepal & China,6174,20256,Langtang,Langtang-Jugal,Climbed,1,0,0,0,2016,Autumn,Dec 06,"Italy, Nepal","Werner Frei, Pasang Sherpa, Sandesh Sherpa"
PETH,Pethangtse,Nepal & China,6739,22110,Khumbu,Khumbu-Rolwaling-Makalu,Climbed,1,0,0,0,1954,Spring,May 26,"New Zealand, Nepal","Michael Ball, Norman Hardie, Brian Wilkins, Urkien Sherpa"
PHAR,Pharilapcha,Nepal only,6017,19741,Khumbu,Khumbu-Rolwaling-Makalu,Climbed,0,0,1,2002,2003,Spring,May 19,Nepal,"Dinesh Devkota, Ongchu Sherpa, Namgyal Sherpa, Lhakpa Sherpa"
PHNG,Phungi,Nepal & China,6524,21404,Peri,Annapurna-Damodar-Peri,Unclimbed,1,0,0,0,0,All,Unknown,Unknown,Unclimbed
PHNH,Phungi Himal,Nepal only,6538,21450,Manaslu/Mansiri,Manaslu-Ganesh,Climbed,1,0,0,0,2017,Autumn,Oct 28,Russia,"Yuri Koshelenko, Akeksei Lonchinskiy"
PHOL,Phole,Nepal only,6645,21801,Kangchenjunga/Simhalila,Kangchenjunga-Janak,Unclimbed,1,0,0,0,0,All,Unknown,Unknown,Unclimbed
PHUG,Phu Kang Go,Nepal & China,6767,22201,Peri,Annapurna-Damodar-Peri,Climbed,1,0,0,0,2011,Autumn,Oct 27,"France, Belgium","Paulo Grobel, Benoit Van Lerberghe"
PHUK,Phu Kang,Nepal & China,6694,21962,Peri,Annapurna-Damodar-Peri,Unclimbed,1,0,0,0,0,All,Unknown,Unknown,Unclimbed
PHUN,Phu Kang North,Nepal & China,6580,21588,Peri,Annapurna-Damodar-Peri,Unclimbed,1,0,0,0,0,All,Unknown,Unknown,Unclimbed
PHUR,Phurbi Chhyachu,Nepal & China,6637,21775,Jugal,Langtang-Jugal,Climbed,1,0,0,0,1982,Spring,May 01,"Japan, Nepal","Shintaro Kurokawa, Fumihito Ogawa, Hiromitsu Okamoto, Takashi Shingaki, Hajime Takigami, Ang Phuri Lama, Pemba Lama Sherpa"
PIMU,Pimu,Nepal only,6344,20814,Rolwaling,Khumbu-Rolwaling-Makalu,Climbed,0,1,0,0,1955,Spring,Apr,UK,"Peter Boultbee, Dennis Davis"
PISA,Pisang,Nepal only,6091,19984,Damodar,Annapurna-Damodar-Peri,Climbed,0,0,1,1978,1955,Spring,Jun 10,W Germany,Juergen Wellenkamp
PK04,Peak 4,Nepal only,6736,22100,Khumbu,Khumbu-Rolwaling-Makalu,Unclimbed,1,0,0,0,0,All,Unknown,Unknown,Unclimbed
PK29,Peak 29,Nepal only,7871,25823,Manaslu/Mansiri,Manaslu-Ganesh,Climbed,1,0,0,0,1979,Spring,May 08,Poland,"Ryszard Gajewski, Maciej Pawlikowski"
PK41,Peak 41,Nepal only,6648,21811,Khumbu,Khumbu-Rolwaling-Makalu,Climbed,1,0,0,2002,2002,Autumn,Oct 16,Slovenia,"Matic Jost, Urban Golob, Uros Samec"
PKAR,Pankar Himal,Nepal & China,6264,20551,Manaslu/Mansiri,Manaslu-Ganesh,Climbed,1,0,0,0,2018,Spring,May 08,Japan,"Yasuhiro Hanatani, Reo Chikara, Ryosuke Matsuyama, Daijo Saito, Tatsuro Sugimoto, Airi Watanabe"
PLNG,Palung,China only,7012,23005,Khumbu,Khumbu-Rolwaling-Makalu,Climbed,0,1,0,0,1952,Spring,May 13,New Zealand,"Edmund Hillary, George Lowe"
POIN,Pointed Peak,Nepal only,5850,19193,Khumbu,Khumbu-Rolwaling-Makalu,Climbed,0,1,0,0,1953,Spring,Apr 01,UK,"Wilfred Noyce, Michael Ward, Charles Wylie"
POKA,Pokalde,Nepal only,5780,18963,Khumbu,Khumbu-Rolwaling-Makalu,Climbed,0,0,1,1978,1953,Spring,Apr 15,UK,"Tom Bourdillon, Wilfred Noyce, Michael Ward"
POKR,Pokharkang,Nepal only,6372,20906,Damodar,Annapurna-Damodar-Peri,Climbed,1,0,0,0,2002,Autumn,Nov 17,"UK, Nepal","Richard Scott, Dave Wynne-Jones, Kaji Sherpa"
POTA,Pota Himal North,Nepal only,6182,20282,Dhaulagiri,Dhaulagiri-Mukut,Climbed,1,0,0,0,2008,Spring,May 09,France,Francois Damilano
PTHE,Pethangtse East,Nepal & China,6572,21562,Khumbu,Khumbu-Rolwaling-Makalu,Climbed,1,0,0,0,2008,Spring,May 16,UK,"Andrew Hughes, Alistair Barnard, Nichcolas Beighton, Chris Fawcett, Daniel Greig-Smith, Benjamin Sherwood"
PUCH,Punchen Himal,Nepal & China,6049,19846,Ganesh/Shringi,Manaslu-Ganesh,Unclimbed,1,0,0,0,0,All,Unknown,Unknown,Unclimbed
PUMO,Pumori,Nepal & China,7138,23419,Khumbu,Khumbu-Rolwaling-Makalu,Climbed,1,0,0,0,1962,Spring,May 17,"W Germany, Switzerland","Gerhard Lenser, Ernst Farrer, Ueli Huerlemann, Hans Ruetzel"
PURB,Purbung Himal,Nepal only,6500,21325,Damodar,Annapurna-Damodar-Peri,Unclimbed,1,0,0,0,0,All,Unknown,Unknown,Unclimbed
PURK,Purkhung,Nepal only,6126,20098,Damodar,Annapurna-Damodar-Peri,Climbed,1,0,0,0,2004,Summer,Aug 16,Japan,"Yuchiro Ishihara, Satoru Endo, Hirayusu Hatsushiya, Teryuki Iwasaki, Terukai Kubo, Kazuko Takano, Hiroshi Yumoto, Ang Kami, Da Chhemba, Gelu, Lhakpa Tenzi, Pema Tenji, Wongchu Sherpas"
PUTH,Putha Hiunchuli,Nepal only,7246,23773,Dhaulagiri,Dhaulagiri-Mukut,Climbed,1,0,0,0,1954,Autumn,Nov 11,"UK, Nepal","J. O. M. Roberts, Ang Nyima Sherpa"
PYRM,Pyramid Peak,Nepal & India,7140,23425,Jongsang,Kangchenjunga-Janak,Climbed,1,0,0,0,1993,Spring,Apr 24,"Japan, India","Yoshio Ogata, Jot Singh Bhandari, Hiroshi Iwazaki, Phurba Lepcha, Sunder Singh Martolia, Lobsang Sherpa, Nobuhiro Shingo"
RAKS,Raksha Urai,Nepal only,6609,21683,Api/Byas Risi/Guras,Far West-Kanjiroba,Climbed,1,0,0,0,2003,Autumn,Oct 15,"France, Nepal","Arnaud Clere, Catherine Couland, Gael Faroux, Keshab Raj Gurung"
RAMC,Ramtang Chang,Nepal only,6802,22316,Kangchenjunga/Simhalila,Kangchenjunga-Janak,Climbed,1,0,0,0,1974,Autumn,Oct 05,Yugoslavia,"Janez Gradisar, Bojan Pollak, Michael Smolej"
RAMD,Ramdung,Nepal only,5900,19357,Rolwaling,Khumbu-Rolwaling-Makalu,Climbed,0,0,1,1978,1952,Autumn,Oct,"UK, Nepal","Tom MacKinnon, Dawa Tenzing Sherpa, Mingma Sherpa"
RAMT,Ramtang,Nepal only,6601,21657,Kangchenjunga/Simhalila,Kangchenjunga-Janak,Climbed,1,0,0,0,1930,Spring,May,"Austria, UK","Erwin Schneider, Frank Smythe"
RANI,Rani Peak,Nepal only,6693,21959,Manaslu/Mansiri,Manaslu-Ganesh,Climbed,0,1,0,0,1970,Spring,May 05,"Netherlands, Nepal","Herman Tollenaar, Ang Phurba Sherpa, Mingma Tsering Sherpa, Nima Dorje Sherpa"
RATC,Ratna Chuli,Nepal & China,7035,23081,Peri,Annapurna-Damodar-Peri,Climbed,1,0,0,0,1996,Autumn,Oct 14,"Japan, Nepal","Osamu Tanabe, Santa Bahadur Ale, Katsuhiko Sawada, Durge Bahadur Tamang, Tul Bahadur Tamang"
RATH,Rathong,Nepal & India,6682,21923,Kangchenjunga/Simhalila,Kangchenjunga-Janak,Climbed,1,0,0,0,1964,Autumn,Oct 29,India,"H. P. S. Ahluwalia, Ang Kami Sherpa, Dorje Latoo Sherpa, Nawang Gombu Sherpa"
RAUN,Raungsiyar,Nepal only,6224,20420,Rolwaling,Khumbu-Rolwaling-Makalu,Climbed,1,0,0,0,2015,Autumn,Oct 04,Nepal,"Dawa Gyalje Sherpa, Nima Tenji Sherpa, Tashi Sherpa"
RHIM,Rhimbu,Nepal only,6210,20374,Ganesh/Shringi,Manaslu-Ganesh,Unclimbed,1,0,0,0,0,All,Unknown,Unknown,Unclimbed
RIPI,Ripimo Shar,Nepal & China,6647,21808,Rolwaling,Khumbu-Rolwaling-Makalu,Climbed,1,0,0,0,1952,Spring,May 29,UK,"Tom Bourdillon, Ray Colledge"
ROCN,Roc Noir,Nepal only,7485,24557,Annapurna,Annapurna-Damodar-Peri,Climbed,1,0,0,0,1969,Spring,May 09,W Germany,"Reinhold Obster, Pit Schubert, Karl Winkler"
ROKA,Rokapi,Nepal only,6468,21220,Api/Byas Risi/Guras,Far West-Kanjiroba,Climbed,1,0,0,0,1977,Autumn,Oct 10,UK,"Thomas Herley, Kelvin McLane"
ROLK,Rolwaling Kang,Nepal only,6664,21864,Rolwaling,Khumbu-Rolwaling-Makalu,Climbed,1,0,0,0,2016,Autumn,Oct 19,Japan,"Yasuhiro Hanatani, Yuichiro Iida, Maho Ishio, Yohei Kayama, Keisuke Tsunoda, Takuya Yoshikawa"
ROLM,Rolmi,Nepal only,6056,19869,Ganesh/Shringi,Manaslu-Ganesh,Climbed,1,0,0,0,2017,Autumn,Oct 01,Nepal,"Narendra Shahi, Iman Gurung, Samir Gurung"
ROMA,Roma,Nepal only,5407,17740,Saipal,Far West-Kanjiroba,Unclimbed,1,0,0,0,0,All,Unknown,Unknown,Unclimbed?
SAIE,Saipal East Humla,Nepal only,6925,22720,Saipal,Far West-Kanjiroba,Climbed,1,0,0,0,1990,Autumn,Oct 26,"Switzerland, Nepal","Jacques Montaz, Tendi Sherpa"
SAIP,Saipal,Nepal only,7030,23064,Saipal,Far West-Kanjiroba,Climbed,1,0,0,0,1963,Autumn,Oct 21,"Japan, Nepal","Katsuotoshi Hirabayashi, Pasang Phutar Sherpa (I)"
SALD,Saldim,Nepal & China,6374,20912,Makalu,Khumbu-Rolwaling-Makalu,Unclimbed,1,0,0,0,0,All,Unknown,Unknown,Unclimbed
SALW,Saldim West,Nepal & China,6388,20958,Makalu,Khumbu-Rolwaling-Makalu,Climbed,1,0,0,0,2016,Autumn,Nov 01,Romania,"Vlad Capusan, Zolt Torok"
SAMD,Samdo,Nepal & China,6335,20784,Manaslu/Mansiri,Manaslu-Ganesh,Climbed,1,0,0,0,2009,Autumn,Oct 20,Japan,"Yasuke Kuramoto, Yoshitaka Kameoka, Kohei Kotani, Seiya Nakasukasa, Daisuke Nakatsuka, Hiroki Yamamoto"
SANB,Sano Bhrikuti,Nepal only,6328,20761,Damodar,Khumbu-Rolwaling-Makalu,Climbed,0,1,0,0,2017,Spring,Unknown,Switzerland,"Erwin Jacomet, et al."
SANC,Sanctuary Peak,Nepal only,6207,20364,Kanjiroba,Far West-Kanjiroba,Unclimbed,1,0,0,0,0,All,Unknown,Unknown,Unclimbed
SANK,Sano Kailash,Nepal only,6452,21168,Damodar,Annapurna-Damodar-Peri,Climbed,0,1,0,0,2019,Spring,Apr 28,"Austria, Nepal","Wolfgang Drexler, Lawang Tamang"
SARI,Saribung,Nepal only,6328,20761,Damodar,Annapurna-Damodar-Peri,Climbed,1,0,0,0,2003,Autumn,Oct 15,USA,"Jim Frush, Steve Furman"
SATO,Sat Peak,Nepal only,6164,20223,Janak/Ohmi Kangri,Kangchenjunga-Janak,Unclimbed,1,0,0,0,0,All,Unknown,Unknown,Unclimbed?
SAUL,Saula,Nepal & China,6235,20456,Manaslu/Mansiri,Manaslu-Ganesh,Unclimbed,1,0,0,0,0,All,Unknown,Unknown,Unclimbed
SHA2,Shartse II,Nepal & China,7457,24465,Khumbu,Khumbu-Rolwaling-Makalu,Climbed,1,0,0,0,1974,Spring,May 23,"Austria, W Germany","Kurt Diemburger, Hermann Warth"
SHAL,Shalbachum,Nepal & China,6707,22005,Langtang,Langtang-Jugal,Climbed,1,0,0,0,1959,Autumn,Oct 25,"Japan, Nepal","Sadao Hojo, Tetsuro Terahata, Dawa Thondup Sherpa, Pasang Temba Sherpa"
SHAR,Shartse,Nepal & China,7591,24905,Khumbu,Khumbu-Rolwaling-Makalu,Unclimbed,1,0,0,0,0,All,Unknown,Unknown,Unclimbed
SHER,Shershon,Nepal & China,6432,21102,Makalu,Khumbu-Rolwaling-Makalu,Unclimbed,1,0,0,0,0,Spring,Unknown,Unknown,Unclimbed
SHEY,Shey Shikhar,Nepal only,6139,20141,Kanjiroba,Far West-Kanjiroba,Climbed,1,0,0,0,2007,Summer,Aug 23,Japan,Katsuhito Fujikawa
SHNW,Shershon Northwest,Nepal & China,6682,21923,Makalu,Khumbu-Rolwaling-Makalu,Climbed,1,0,0,0,1980,Autumn,Oct 15,"UK, France","Doug Scott, Roger Baxter-Jones, Georges Bettembourg"
SIMN,Simnang Himal,Nepal only,6251,20509,Manaslu/Mansiri,Manaslu-Ganesh,Climbed,1,0,0,0,2001,Spring,May 16,Ukraine,"Mistislav Gorbenko, Vadim Leontiev, Sergei Pugachov, Mykhaylo Zagirnyak"
SING,Singu Chuli,Nepal only,6501,21329,Annapurna,Annapurna-Damodar-Peri,Climbed,0,0,1,1978,1957,Spring,Jun 13,UK,"David Cox, Wilfred Noyce"
SISN,Sisne Himal,Nepal only,5911,19393,Kanjiroba,Far West-Kanjiroba,Climbed,1,0,0,0,2013,Spring,May 26,"Nepal, USA","Man Bahadur Khatri, Alonzo Lyons, Dbruba Bista, Mulal Gurung, Nilam Gurung, Ali Bahadur Khatri, Vinaya Jaya Malla, Amrit Sarki"
SITA,Sita Chuchura,Nepal only,6611,21690,Mukut/Mustang,Dhaulagiri-Mukut,Climbed,1,0,0,0,1970,Autumn,Oct 26,"Japan, Nepal","Masahiko Takahashi, Hiroshi Harada, Nobuyki Hirato, Phurba Kitar Sherpa"
SNOW,Snow Peak,Nepal only,6530,21424,Dhaulagiri,Dhaulagiri-Mukut,Unclimbed,0,1,0,0,0,All,Unknown,Unknown,Unclimbed
SOBI,Sobithongie,Nepal only,6652,21824,Kangchenjunga/Simhalila,Kangchenjunga-Janak,Unclimbed,1,0,0,0,0,All,Unknown,Unknown,Unclimbed
SPH1,Sharphu I,Nepal only,6433,21106,Janak/Ohmi Kangri,Kangchenjunga-Janak,Climbed,1,0,0,0,1963,Autumn,Oct 22,Japan,"Takao Ishinabe, Chiharu Miyamoto, Yuzo Tatsumi"
SPH2,Sharphu II,Nepal only,6328,20761,Janak/Ohmi Kangri,Kangchenjunga-Janak,Climbed,1,0,0,0,201,Autumn,Oct 26,USA,"Aivaras Sajus, Spencer Gray"
SPH3,Sharphu III,Nepal only,6220,20407,Janak/Ohmi Kangri,Kangchenjunga-Janak,Unclimbed,1,0,0,0,0,All,Unknown,Unknown,Unclimbed?
SPH4,Sharphu IV,Nepal only,6172,20249,Janak/Ohmi Kangri,Kangchenjunga-Janak,Climbed,1,0,0,0,1962,Spring,May 20,Japan,"Takayuki Tsubaki, Chotare Sherpa"
SPH5,Sharphu V,Nepal only,6158,20203,Janak/Ohmi Kangri,Kangchenjunga-Janak,Unclimbed,1,0,0,0,0,All,Unknown,Unknown,Unclimbed?
SPH6,Sharphu VI,Nepal only,6076,19934,Janak/Ohmi Kangri,Kangchenjunga-Janak,Unclimbed,1,0,0,0,0,All,Unknown,Unknown,Unclimbed?
SPHN,Sphinx,Nepal & India,6825,22392,Jongsang,Kangchenjunga-Janak,Climbed,1,0,0,0,1936,Spring,Jun,UK,"J. K. Cooke, Frederick S. Chapman, John B. Harrison"
SRKU,Serku Dolma,Nepal only,6227,20430,Kanjiroba,Far West-Kanjiroba,Climbed,0,1,0,0,1973,Autumn,Oct 30,"Japan, Nepal","Eiken Moriyama, Morihiro Takechi, Anu Sherpa"
SURM,Surma-Sarovar North,Nepal only,6564,21535,Api/Byas Risi/Guras,Far West-Kanjiroba,Unclimbed,1,0,0,0,0,All,Unknown,Unknown,Unclimbed
SWAK,Swaksa Kang,Nepal & China,6405,21014,Kanti/Palchung,Far West-Kanjiroba,Unclimbed,1,0,0,0,0,All,Unknown,Unknown,Unclimbed
SWEL,Swelokhan,Nepal & China,6180,20276,Manaslu/Mansiri,Manaslu-Ganesh,Unclimbed,1,0,0,0,0,All,Unknown,Unknown,Unclimbed
SYKG,Syaokang,Nepal only,5929,19452,Janak/Ohmi Kangri,Kangchenjunga-Janak,Climbed,1,0,0,0,2012,Autumn,Oct 25,New Zealand,"John Cocks, Martin Hunter, Geoffrey Lamarche, Paul Maxim, Nick Schearer"
TAKL,Takla Kang,Nepal & China,6276,20591,Kanti/Palchung,Far West-Kanjiroba,Unclimbed,1,0,0,0,0,All,Unknown,Unknown,Unclimbed
TAKN,Takphu North,Nepal & China,6142,20151,Nalakankar/Chandi/Changla,Far West-Kanjiroba,Climbed,1,0,0,0,2016,Autumn,Oct 12,"Germany, Nepal","Herbert Bader, Karl Henge, Tassilo Hock, Josef Knitz, Annabelle Rochelt, Alois Sinz, Bhai Krishna Khadka"
TAKP,Takphu Himal,Nepal & China,6395,20981,Nalakankar/Chandi/Changla,Far West-Kanjiroba,Climbed,1,0,0,0,2018,Autumn,Oct 11,"UK, Germany","Ed Douglas, Christof Nettekoven, Bruce Normand"
TANK,Tankya I,Nepal & China,6305,20686,Kanti/Palchung,Far West-Kanjiroba,Unclimbed,1,0,0,0,0,All,Unknown,Unknown,Unclimbed
TAPL,Taple Shikhar,Nepal only,6447,21152,Kangchenjunga/Simhalila,Kangchenjunga-Janak,Climbed,1,0,0,0,1998,Autumn,Oct 08,"Japan, Nepal","Misako Miyazawa, Gumba Sherpa, Kancha Sunwar Sherpa, Pemba Lama Sherpa"
TASH,Tashi Kang,Nepal only,6386,20951,Mukut/Mustang,Dhaulagiri-Mukut,Climbed,1,0,0,0,2002,Summer,Aug 14,"Japan, Nepal","Yasue Mogi, Gyalzen Sherpa"
TAWA,Tawa,Nepal only,6110,20046,Damodar,Annapurna-Damodar-Peri,Climbed,0,1,0,0,2010,Autumn,Oct 21,"Japan, Nepal","Mikio Iga, Kazuya Fujikura, Chhongba Sherpa, Lhakpa Sherpa"
TAWO,Tawoche,Nepal only,6495,21309,Khumbu,Khumbu-Rolwaling-Makalu,Climbed,1,0,0,0,1974,Spring,Apr 15,France,"Louis Dubost, Paul Gendre"
TENG,Tengkoma,Nepal only,6215,20390,Jongsang,Kangchenjunga-Janak,Climbed,1,0,0,0,1949,Spring,Jun 17,"Switzerland, Nepal","Alfred Sutter, Rene Dittert, Annelies Lohner, Jacob Pargaetzi-Almer, Edouard Wyss-Dunant, Pasang Sherpa"
TENR,Tengi Ragi Tau,Nepal only,6938,22762,Rolwaling,Khumbu-Rolwaling-Makalu,Climbed,1,0,0,0,2002,Winter,Dec 04,"Japan, Nepal","Koichi Ezaki, Ruchia Takahashi, Pasang Tamang, Tul Bahadur Tamang"
THAM,Thamserku,Nepal only,6618,21713,Khumbu,Khumbu-Rolwaling-Makalu,Climbed,1,0,0,0,1964,Autumn,Nov 04,New Zealand,"Lynn Crawford, Peter Farrell, John McKinnon, Richard Stewart"
THAR,Tharpu Chuli,Nepal only,5695,18684,Annapurna,Annapurna-Damodar-Peri,Climbed,0,0,1,1978,1964,Autumn,Oct 23,Japan,"Masaaki Kimura, Kiyoo Shimada"
THOC,Thoche Go,Nepal & China,6602,21660,Peri,Annapurna-Damodar-Peri,Unclimbed,1,0,0,0,0,All,Unknown,Unknown,Unclimbed
THOR,Thorong Peak,Nepal only,6144,20157,Annapurna,Annapurna-Damodar-Peri,Climbed,1,0,0,0,2007,Autumn,Nov 08,"Japan, Nepal","Satoru Endo, Mikio Iga, Terue Katakura, Mitsukuni Oka, Rikio Takahashi, Hiroshi Yumoto, Gadjet Bis Gurung, Ang Dawa Tamang, Hit Bahadur Tamang, Pasang Tamang"
THRK,Tharke Kang,Nepal & China,6710,22014,Khumbu,Khumbu-Rolwaling-Makalu,Climbed,1,0,0,0,2017,Autumn,Nov 03,"USA, Nepal","Garrett Madison, Kristin Bennett, Lisa Thompson, Ang Phurba Sherpa, Lhakpa Dendi Sherpa, Pasang Dawa Sherpa, Tashi Sherpa"
THUL,Thulagi,Nepal only,7059,23159,Manaslu/Mansiri,Manaslu-Ganesh,Climbed,1,0,0,0,2015,Autumn,Sep 26,Russia,"Alexander Gukov, Ivan Dozhdev, Ruslan Kirichenko, Valeri Shamalo"
TILI,Tilicho,Nepal only,7134,23406,Annapurna,Annapurna-Damodar-Peri,Climbed,1,0,0,0,1978,Autumn,Oct 10,France,Emmanuel Schmutz
TILJ,Tilje,Nepal only,6530,21424,Peri,Annapurna-Damodar-Peri,Unclimbed,1,0,0,0,0,All,Unknown,Unknown,Unclimbed
TILK,Til Kang,Nepal & China,6369,20896,Nalakankar/Chandi/Changla,Far West-Kanjiroba,Climbed,1,0,0,0,2018,Autumn,Oct 15,UK,"Ed Douglas, Bruce Normand"
TKPO,Tengkangpoche,Nepal only,6482,21266,Rolwaling,Khumbu-Rolwaling-Makalu,Climbed,1,0,0,0,1984,Autumn,Oct,"UK, USA","Trevor Pilling, Andy Zimet"
TKRE,Takargo East,Nepal only,6152,20184,Rolwaling,Khumbu-Rolwaling-Makalu,Climbed,1,0,0,0,2015,Autumn,Oct 06,Nepal,"Dawa Gyalje Sherpa, Nima Tenji Sherpa, Tashi Sherpa"
TKRG,Takargo,Nepal only,6771,22215,Rolwaling,Khumbu-Rolwaling-Makalu,Climbed,1,0,0,0,2010,Spring,Mar 12,USA,"David Gottlieb, Joseph Puryear"
TLNG,Talung,Nepal & India,7349,24111,Kangchenjunga/Simhalila,Kangchenjunga-Janak,Climbed,1,0,0,0,1964,Spring,May 19,"W Germany, Nepal","Franz Lindner, Tenzing Nanda Sherpa"
TOBS,Tobsar,Nepal only,6065,19898,Ganesh/Shringi,Manaslu-Ganesh,Climbed,1,0,0,0,2017,Autumn,Oct 01,Nepal,"Narendra Shahi, Iman Gurung, Samir Gurung"
TONG,Tongu,Nepal only,6187,20299,Mukut/Mustang,Dhaulagiri-Mukut,Climbed,0,1,0,0,1959,Autumn,Oct 21,USA,"John Humphreys, Fred Dunn, John Noxon"
TRIA,Triangle Peak,Nepal & China,6484,21273,Jugal,Langtang-Jugal,Climbed,0,1,0,0,2013,Autumn,Oct 09,France,"Sebastien Moatti, Max Bonniot"
TRIP,Tripura Hiunchuli,Nepal only,6553,21499,Kanjiroba,Far West-Kanjiroba,Climbed,1,0,0,0,1986,Autumn,Oct 17,"Japan, Nepal","Noriyuki Hata, Katashi Tokimoto, Ang Phuri Sherpa"
TSAR,Tsartse,Nepal only,6343,20810,Mukut/Mustang,Dhaulagiri-Mukut,Climbed,1,0,0,0,2018,Autumn,Sep 25,"Japan, Nepal","Kouki Ikeda, Daisuke Simozuru, Yujiro Suga, Asahi Takeshita, Dendi Sherpa, Ngima Sherpa, Pemba Sherpa, Tenjin Sherpa, Bir Kaji Tamang"
TSIS,Tsisima,Nepal only,6196,20328,Janak/Ohmi Kangri,Kangchenjunga-Janak,Climbed,0,1,0,0,1963,Spring,Jun 03,"Japan, Nepal","Motohiko Kogo, Kunga Norbu"
TSKP,Tso Karpo,Nepal only,6518,21385,Kanjiroba,Far West-Kanjiroba,Unclimbed,1,0,0,0,0,All,Unknown,Unknown,Unclimbed
TSOK,Tso Karpo Kang,Nepal only,6556,21509,Kanjiroba,Far West-Kanjiroba,Climbed,1,0,0,0,1971,Autumn,Oct 25,Japan,"Shoji Miyoshi, Koji Mizutani"
TSUR,Tsaurabong Peak,Nepal only,6395,20981,Dhaulagiri,Dhaulagiri-Mukut,Climbed,0,1,0,0,1974,Spring,Unknown,"Japan, Nepal","Genzaburo Yamasaki, Sherpas (?)"
TUKU,Tukuche,Nepal only,6920,22703,Dhaulagiri,Dhaulagiri-Mukut,Climbed,1,0,0,0,1970,Spring,Apr 30,Japan,"Hirosuke Kikuchi, Eiho Otani, Takao Yonemoto"
TUTS,Tutse,Nepal only,6758,22172,Makalu,Khumbu-Rolwaling-Makalu,Unclimbed,1,0,0,0,0,All,Unknown,Unknown,Unclimbed?
URKM,Urkinmang,Nepal only,6143,20154,Jugal,Langtang-Jugal,Climbed,1,0,0,0,1964,Spring,May 20,"Japan, Nepal","Akira Ban, Kazuhisa Jokei, Tesuya Kiyohara, Mingma Tshering Sherpa"
URMA,Urkema,Nepal only,5890,19324,Langtang,Langtang-Jugal,Climbed,1,0,0,0,2007,Autumn,Sep 12,"Taiwan, S Korea, Singapore, Australia, Nepal",15 international scout students and 6 Sherpas
YAKA,Yakawa Kang,Nepal only,6482,21266,Damodar,Annapurna-Damodar-Peri,Climbed,1,0,0,0,2010,Autumn,Nov 07,"Japan, Nepal","Hidenobu Tsuji, Dawa Norbu Sherpa, Dawa Tshering Sherpa, Tshering Tashi Sherpa"
YALU,Yalung Kang,Nepal only,8505,27904,Kangchenjunga/Simhalila,Kangchenjunga-Janak,Climbed,1,0,0,0,1973,Spring,May 14,Japan,"Yutaka Ageta, Takao Matsuda"
YALW,Yalung Kang West,Nepal only,8077,26499,Kangchenjunga/Simhalila,Kangchenjunga-Janak,Unclimbed,1,0,0,0,0,All,Unknown,Unknown,Unclimbed
YANG,Yangri,Nepal & China,6535,21440,Jugal,Langtang-Jugal,Unclimbed,1,0,0,0,0,All,Unknown,Unknown,Unclimbed?
YANK,Yanme Kang,Nepal & China,6206,20361,Janak/Ohmi Kangri,Kangchenjunga-Janak,Climbed,1,0,0,0,2017,Autumn,Oct 29,France,"Gregoire Lestienne, Floriane Pugin"
YANS,Yansa Tsenji,Nepal only,6567,21545,Langtang,Langtang-Jugal,Unclimbed,1,0,0,0,0,All,Unknown,Unknown,Unclimbed
YARA,Yala Chuli,Nepal & China,6236,20459,Kanti/Palchung,Far West-Kanjiroba,Unclimbed,1,0,0,0,0,All,Unknown,Unknown,Unclimbed
YARW,Yarwa,Nepal only,6644,21798,Api/Byas Risi/Guras,Far West-Kanjiroba,Unclimbed,1,0,0,0,0,All,Unknown,Unknown,Unclimbed
YAUP,Yaupa,Nepal & China,6422,21070,Makalu,Khumbu-Rolwaling-Makalu,Climbed,1,0,0,0,1989,Autumn,Sep,"UK, USA","Andy Fanshawe, Vic Saunders, Stephen Sustad"
YNGS,Yangra Kangri South,Nepal & China,6863,22516,Ganesh/Shringi,Manaslu-Ganesh,Unclimbed,1,0,0,0,0,All,Unknown,Unknown,Unclimbed?
YOKO,Yokopahar,Nepal & China,6423,21073,Api/Byas Risi/Guras,Far West-Kanjiroba,Unclimbed,1,0,0,0,0,All,Unknown,Unknown,Unclimbed
YUBR,Yubra,Nepal only,6264,20551,Langtang,Langtang-Jugal,Unclimbed,0,1,0,0,0,All,Unknown,Unknown,Unknown
