S.N,Name  Height,Himal,Region,Latitude  Longitude,Caravan Route
1,Abi *  6043,Mahalangur,Solukhumbu,"27º 59' 00""  86º 43' 25""",Ktm­-Lukla­-Namche­- Lobuche­-BC/Gokyo-BC
2,Agole East 6675,Rolwaling,Solukhumbu,"27° 51' 17"" 86° 34' 08""", Lukla-Namche-Targna Chudonmo Khola-BC/Charikot-Beding-Na-Tolumbau glacier-BC
3,Aichyn 6055,Chanwathan,Humla,"30° 16' 15"" 81° 51' 35""", Simikot-Subhakhola-Nyengla BC
4,Ama Dablam  6814,Khumbu,Solukhumbu,"27º 51' 40""  86º 51' 50""",Ktm­-Lukla-­Namche­ –Lobuche-­BC
5,Amotsang  6393,Damodar,Manang,"28º 50' 05""  84º 10' 21""",Ktm­-Besisahar­-Koto-Pokharkang-Bc/Labse Khola-BC
6,Amphu Gyabjen 5630,Mahalangur,Solukhumbu,"27º 52' 52""  86º 52' 15""",Ktm­-Lukla­-Namche­  Tangboche­-Dingboche­-BC
7,Amphu I 6740,Mahalangur,Solukhumbu,"27º 52' 13""  86º 57' 20""",Ktm-­Lukla­-Namche­-Dingboche­-BC
8,Anidesh Chuli (White Wave) 6808,Kanchenjunga,Taplejung,"27º 43' 07""  88º 04' 15""",Ktm­Taplejung­Ghunsa­BC
9,Annapurna 1  8091,Annapurna,Gandaki,"28º 35' 44""  83º 49' 21""",Ktm­-Pokhara­-Beni­-Lete­ -BC
10,Annapurna 2  7937,Annapurna,Gandaki,"28º 32' 05""  84º 07' 27""",Ktm-­Pokhara-­Dharapani­-Chame­-BC
11,Annapurna 3  7555,Annapurna,Gandaki,"28º 35' 04'  83º 59' 30""",Ktm-­Pokhara­-Chemrong­-Manchhapuchhere­-BC /Chame-Braga-BC
12,Annapurna 4  7525,Annapurna,Gandaki,"28º 32' 12""  84º 05' 06""",Ktm­-Pokhara-­Manang­-Homde­-Charne­-BC /Burjung Khola BC
13,Annapurna South  7219,Annapurna,Gandaki,"28º 31' 06""  83º 48' 29""",Ktm­-Birethanti­-Ghandruk­ -Kharka­-BC
14,Api  7132,Byas Rishi,Darchula,"30º 00' 19""  80º 55' 54""",Ktm­-­Darchula-`Syaku-Gati Bagad-BC/ Ghusa­-BC
15,Api West 7076,Byas-­Rikhi,Darchula,30º 00'06  80º 55' 32,Ktm­-­Darchula-`Syaku-Gati Bagad-BC/ Ghusa­-BC
16,Arniko Chuli  6034,Damodar,Dolpa/Mustang,"29º 10' 34""  83º 39' 34""",Pokhara­-Jomsom­  Lomangthang-­Chharang­ Ghami­BC
17,Ardang 6034, ,Humla,"30° 11' 56"" 81° 37' 24""",Simikot-Subha Khola-Nyeng la-BC/kying Khola-BC
18,Asajya Tuppa 6265,Gorakh Himal,Humla,"30° 03' 45"" 82° 16' 47""", Jumla-Piplan-Nepka-Bhoblhan ChaurBC/Take KholaBC
19,Baden Powell Scout Peak (Urkema Peak) # 5890,Langtang,Rasuwa,"28º 09' 10"" 85º 30' 45""",Ktm­-Syabrubesi­-Langtang Valley­-Kyanjin Gumba-­BC
20,Bamongo  6406,Gaurishankar,Dolakha,"27º 54' 31""  86º 26' 07""",Ktm­-Charikot­-Simi Gaon­-Lama Bagar­-BC
21,Barun Tse  7152,Barun,Koshi,"27º 52' 17""  86º 58' 58""",Ktm-­Lukla­-Mera La­ Panchpokhari­-BC
22,Baudha  6672,Mansiri,Gandaki,"28º 22' 32""  84º 40' 44""",Ktm­-Gorkha­-Barpak-Rupina la-BC
23,Bedding Go 6125,Rolwaling,Dolakha," 27° 55' 33"" 86° 23' 35""", Simikot-simi Gaun-Bedding-BC
24,Bhairab Takura  (Madiya Peak) # 6799,Jugal,Sindupalchok,"28º 11' 52""  85º 48' 35""",Ktm­-Barabise-Listimai-Bagan-Vairab Kunda-BC
25,Bhemdang Ri #  6150,Langtang,Rasuwa,28º 16 24 85º 4004,Ktm­-Dhunche­-Langtang­–Kyanjin-­BC
26,Bhrikuti 6476,Damodar,Mustang,"28° 55' 08"" 84° 08' 51""",Jomsong-lomangthang-damodar kunda-bc
27,Bhrikuti Shail #  6361,Damodar,Mustang/Manang,29º 53 38 84º 13 42,Jomsong-lomangthang-damodar kunda-bc
28,Bhulu Lhasa 6102,Kanjiroba,Mugu,"29° 26' 29"" 82° 35' 58""", Gamgadi-Nangri-Samdo Khola-Bc
29,Bijora Hiun Chuli 6111,Kanjiroba,Jumla,"29° 17' 31"" 82° 31' 51""", Jumla-Talphi-Chaudebesi Khola-BC
30,Bobaye +  6808,Byas-Rishi,Darchula/Bajhang,"29º 57' 33""  81º 01' 21""",Ktm­-Baitadi­-Chameli Khola-­Ghusa­BC
31,Bokta Peak *  6114,Kanchenjunga,Taplejung,"27º 37' 15""  88º 00' 25""",Ktm­-Taplejung­-Ramje-­BCor Ghunsa-­BC
32,Burke Khang 6942,Mahalangur,Solukhumbu,"28° 02' 13"" 86° 46' 26""", Lukla-Namche-Khumjung-Gokyo-BC/Zongla-BC
33,Chabuk (Tsajirip) 6792,Kanchenjunga,Taplejung,"27º 53' 09"" 87º 59' 15"" ",Ktm­-Taplejung­Ghunsa­  BC
34,Chago  6893,Mahalangur,Solukhumbu,"27º 55' 34""  87º 03' 17""",Tumlingtar-Gola-­Yangle Kharka Sherson-BC
35,Chako  6704,Peri Himal,Manang,"28º 52' 50""  84º 17' 19""",Ktm­Besisahar­Chame­  Chechna­Meta­BC
36,Chamar #  7161,Shringi,Gorkha,"28º 32' 48""  84º 57' 02""",Ktm-Arughat-Jagat-Tsum valley-BC
37,Chamar  North 7165,Sringi,Gorkha,"28° 33' 19"" 84° 56' 49""", Ktm-Arughat-Jagat-Tsum valley-BC
38,Chamlang  7321,Mahalangur,Sagarmatha Barun,"27º 46' 31""  86º 58' 56""",Ktm-­Chatra La­-Tagnak­  Merala-­Honku Valley­-BC
39,Chandi Himal  6142,Chandi Himal,Humla,"30º 21' 33""  81º 57' 05""",Simikot-chuwa- khola-ning khola-bc
40,Chang Himal (Wedge Peak)  6802,Kanchenjunga,Taplejung,"27º 45' 55""  88º 05' 10""",Ktm­Taplejung­Ghunsa­BC
41,Changdi 6623,Palchung,Mugu,"29° 43' 09"" 82° 47' 55""",Jufa-shey Phpksundo-Bhijer-Tankyaa Khola-BC
42,Changla #  6563,Changla,Humla,"30º 18' 11""  82º 07' 44""",Ktm­-Simikot-­Dharapani­-Kanche­-Bhimthaukoti-­BC
43,Changwatnang 6130,Chandi Himal,Humla,"30º 19' 35""  81º 53' 18""",Ktm-­Nepalgunj­-Simikot-Chen-Taisolu Khola-­BC
44,Chaw Peak  6404,Kanchanjunga,Janak,"27º 54' 35""  87º 56' 39""",Ktm­-Taplejung­-Pamta­– Yamjin-Lonak-­BC
45,Chekigo *  6121,Gaurishankar,Dolakha,"27º 54' 23""  86º 24' 49""",Ktm­-Charikot-­Simi Gaon­-Beding­-BC/Via Lama  Bagar
46,Cheo Himal  6820,Peri,Manang,"28º 45' 53""  84º 27' 15""",Besisahar-­Jagat­  Dharapani­-Kanche­–Bhimthaukoti-­BC
47,ChhibHimal  6650,Damodar,Mustang,"28º 52' 24""  84º 09' 44""",Ghami­-Charang­-Burnathat­ –BC/Bessahar-Phu-BC
48,Chhochenphu Himal  6260,Kanchanjunga,Janak,"27º 49' 55""  87º 45 52""",Ktm­-Taplejung­-Olangchun Gola-Cherchen Pokhari-BC
49,Chhopa Bamare 6109,Rolwaling,Dolakha,"28° 03' 26"" 86° 05' 31""",Siagtse –Lambagar-BC 
50,Chhubohe Peak 5606,Annapurna,Manang,"28° 45' 06"" 84° 13' 06""",Ktm­Besisahar­Koto­BC
51,Chhukung chuli *  5853,Khumbu,Sagarmatha,"27º 56' 20""  86º 52' 38""",Ktm­-Lukla-­Namche­-Chhukung-BC
52,Cho Polu 6700,Mahalangur,Sagarmatha/sankhuwasabha,"27º 55' 10""  86º 59' 01""",Ktm­-Lukla-­Namche­ -Dingboche­-BC/tumlingtar-gola-sherson-BC
53,Chobuje  6686,Rolwaling,Dolakha,"27º 52' 56""  86º 29' 30""",Ktm-­Charikot­-Simigaon­- Beding­-Chorolpa­-BC
54,Chola Tse*  6423,KhumbuHimal,Solukhumbu, 27 55 13 86 46 08,Ktm-­Lukla­-Thang -Na­- Amphu Laptse­-BC/zongla
55,Cho­O­You 8188,Khumbu,Sagarmatha,"28º 05' 37""  86º 39' 48""",Ktm­-Lukla-­Namce­-Gokyo­  BC
56,Chota Ri (Kali Himal) 6985m,Khumbu,Solukhumbu/Sankhuwasabh,27 52 38 86 58 32, Lukla-namche-khumjung-gokyo-BC/Dingbuche -BC
57,Chukyima Go 6258,Rolwaling,Ramechhap /Dolakha,"27° 49' 56"" 86° 27' 09""",Charikot-simi gaon-beding-na-chorolpa-bc
58,Chulu East *  6584,Damodar,Manang,"28º 44' 09""  84º 02' 12""",Ktm­-Besisahar-­Hongde­-Manang­-Yak Kharka­-BC
59,Chulu West *  6419,Damodar,Manang,"28º 44' 36""  84º 01' 30""",Ktm-­Besisahar­-Manang-Ledar-BC
60,Chumbu 6859,Mahalangur,Solukhumbu,"28° 01' 08"" 86° 47' 33""", Lukla-NAmche-Labuche-BC
61,Churen 7371,Dhaulagiri,Myagdi/Dolpa,"28º 43' 56""  83º 12' 44""",Ktm-­­Beni­-Dovan­ -Gurja­BC/Juphal-Kakotgaun-BC
62,Danfe Sail  6103,Kanjirowa,Dolpa/ Karnali,"29º 40' 21""  83º 00' 37""",Ktm­-Juphal-­Dunai­-kuwa gaon-jhyanglun Khola-­BC
63,Danga  6220,Kanchanjunga,Taplejung, 27 49 01 87 58 43,Ktm­-Taplejung­T–Ghunsa-Kambachen-­Lonak-BC
64,Dazaney (Dzanaye Peak ) 6581,Kanchanjunga,Taplejung, 27 54 20 88 01 51,Ktm­-Taplejung­-Lonak Glacier­-BC
65,Dhagpahe ( Yansa  Tsenji ) 6567,Langtang,Bagmati,"28º 15' 23""  85º 36' 30""",Ktm­-Dhunche-­Langtang­-Kangtengen­-BC
66,Dhaulagiri  6638,Saipal,Bhajang,"29º 57' 00""  81º 07' 17""",Ktm­-dhuli-Dalachaur-Garanphu-BC
67,Dhaulagiri I 8167,Dhaulagiri,Dhaulagiri,"28º 41' 48""  83º 29' 42""",Ktm-­Pokhara­-Beni­ -Marpha­BC/Darbang-Mudi-BC
68,Dhaulagiri II 7751,Dhaulagiri,Dhaulagiri,"28º 45' 47""  83º 23' 26""",Ktm­-Beni­-Dharbang­-Mudi-BC
69,Dhaulagiri III 7715,Dhaulagiri,Dhaulagiri,"28º 45' 14""  83º 22' 46""",Ktm­-Beni-­Darbang­-Naura  Bhir-­BC
70,Dhaulagiri IV 7661,Dhaulagiri,Dhaulagiri,"28º 44' 09""  83º 19' 01""",Ktm-­Beni­-Darbang­-Naura -Bhir­BC
71,Dhaulagiri V 7618,Dhaulagiri,Dhaulagiri,"28º 44' 02""  83º 21' 50""",Ktm­-Beni­-Darbang-­Naura -Bhir­-BC/mudi-bc
72,Dhaulagiri VI 7268,Dhaulagiri,Dhaulagiri,"28º 42' 30""  83º 16' 33""",Ktm­-Beni-­DarbangNaura  Bhir­BC/mudi-bc
73,Dhechyan Khang 6019,Damodar,Mustang,"29° 02' 09"" 84° 15' 07""", Jomsom-lamangthang-damodar kunda-BC
74,Dingjung North 6249,Gaurishankar,Solukhumbu,27 59 16 86 31 01,Ktm­-Charikot­-Simi Gaon­-Beding­-BC or Via Lama  Bagar
75,Dingiung Ri  6196,Gaurishankar,Solukhumbu," 27° 58' 28"" 86° 31' 22""",Ktm­-Charikot­-Simi Gaon­-Beding­-BC or Via Lama  Bagar
76,Dogari Himal  6536,Dhaulagiri,Rukum/Dolpa,"28º 46' 00""  83º 06' 03""",Ktm­-juphal-Tarakot-BC
77,Dolma Khang 6332,Rolwaling,Dolakha,"27° 56' 14"" 86° 21' 01""",Charikot-Simi gaon-Beding-BC
78,Domekhang 7264,Kanchanjunga,Taplejung,"27º 52' 36""  88º 09' 00""",Ktm­-Taplejung­-Ghunsa­-Pangpeme­-BC
79,Dorje Lhakpa #  6966,Jugal,Rasuwa/Sindupalchok,"28º 10' 26""  85º 46' 52""",Syabrubesi-­Lngsisa kharka-BC/Pach Pokhari-­BC
80,"Dr. Harka Gurung Chuli(Ngadi Chuli,Peak 28, Dakura) 7871",Mansiri,Manang Gorkha,28 30 12 84 34 07,Arughat-Jagat-Namru-BC
81,Drahmo  6881,Kanchenjunga,Mechi,"27º 49' 26""  88º 06' 18""",Ktm­-Taplejung­-Ghunsa­-Pangpema­-BC
82,Dudh Kundali 6045,Kanjiroba,Jumla / Dolpa,"29° 13' 26"" 82° 32' 44""",Jumla-Gotichaur-HURIKOT-JAGDUL-BC
83,Dwijen Himal 6169,Sringi,Gorkha,"28° 35' 36"" 84° 54' 12""",Arughat-Jagat-Bigh Gaon-Sherang Gumba-BC
84,Dzanye II 6318,Kanchenjunga,Taplejung / NC,"27° 54' 08"" 88° 02' 28""", Ktm­-Taplejung­-Ghunsa­-Pangpema­-BC
85,Ek Rate Dada  6213,Makalu,Shankhuwasava, 27 42 32 87 00 18,Ktm-­Lukla­-Merala­la-­BC/Kalo Pokhari-Honku Khola-BC
86,Fimkof East 6730 ,Saipal,Bajhang/Humla,29º 54' 05 81º 27' 26,Ktm-­Bajhang-­Dulu­-BC
87,Fimkof West 6745,Saipal,Bajhang,29º 53'53  81º 26' 49,Ktm­-Bajhang-­Dulu­BC
88,Freindship Peak 6592,Mahalangur,Solukhumbu,"28° 06' 05"" 86° 36' 18""",Lukla-Namche-Thame-Chule-Lunak-BC
89,Ganchenpo #  6378,Jugal,Rasuwa,"28º 10' 08""  85º 40' 52""",  Ktm-­­Syabrubesi­-Kyanjing Gumba-Langsisa Kharka-BC
90,Gandharva Chuli #  6248,Annapurna,Gandaki,"28º 32' 18""  83º 57' 44""",Ktm­-pokhara-chhumrung-Bagar-MBC-­BC
91,Ganesh 1 (Yangra) +  7422,Ganesh,Bagmati,"28º 23' 30""  85º 07' 44""",Machhakhola-Jagat-Ripchet-Toro Gumba Kharka-BC
92,Ganesh II 7118,Ganesh,Bagmati,"28º 22' 44""  85º 03' 33""",Ktm­-Arughat-Jagat-Tsum-Dumje-BC
93,Ganesh III (Salasungo) 7043,Ganesh,Bagmati,"28º 20' 07""  85º 07' 29""",Syabrubesi-Tambuchet-bhrange Khola-Sanjun Kharka
94,Ganesh IV (Pabil) 7104,Ganesh,Bagmati,"28º 20' 44""  85º 04' 56""",Ktm­-Arughat-Jagat-Tsum-Dumje-BC
95,Ganesh V 6770,Ganesh,Dhading/Rasuwa,"28º 19' 55""  85º 09' 39""",Syabrubesi­-Chilime-Tatopani-Chharahe Kharka-BC
96,Ganesh VI 6908,Ganesh,Gorkha,"28º 22' 16""  85º 03' 50""",Syabrubesi­-Chilime-Tatopani-Bharange Khola-BC
97,Gangapurna  7455,Annapurna,Kaski/Manang,"28º 36' 19""  83º 57' 57""",Ktm­-Besisahar­-Chame­-Manang-BC
98,Gangapurna West ( Lachenal Peak) 7140,Annapurna,Manang / Kaski,"28° 36' 04"" 83° 56' 38""",Besisahar­-Chame­-Manang-BC/Pokhara-Chhumrung-MBD-BC
99,Gaugiri  6110,Damodar,Mustang,"29º 02' 43""  84º 11' 24""",Ktm­-Pokhara­-Jomsom­- Lomangthang­-BC
100,Gauri 6983,Rolwaling,/Dolakha,"27° 56' 14"" 86° 21' 01""",Charikot-Simigaon-Beding-BC
101,Gauri Shanker 7135,Rolwaling,Dolakha,"27º 57' 54""  86º 20' 16""",Charikot-Simigaon-Beding-BC/Lambagar-LApche-BC
102,Ghanja la Chuli*(Naya  Kanga) 5863,  Langtang,Rasuwa/Sindhupalchok,28 10 06 83 33 05,Syabrubesi-Kyanjing Gumba-BC
103,Ghanyala Hies 6744,Kanchenjunga,Taplejung, 27 53 44 88 04 58,Ktm-­Taplejung­-Ghunsa­ -Lonak­-Tshima Glacier­-BC
104,Ghenye Liru  6596,Langtang,Rasuwa/ Bagmati,"28º 14' 53""  85º 28' 26""",Ktm­-Syabrubesi­ -Lama  Hotel­-Langtang­-Timure-BC
105,Ghustung North  6529,Dhaulagiri,Myagdi,"28º 40' 50""  83º 14' 50""",Ktm­-Beni­-Darbang-­Gurja Gaon-­BC
106,Ghustong South  6465,Dhaulagiri,Myagdi,"28º 40' 20""  83º 14' 46""",Ktm-­Beni­-Darbang­-Gurja Gaon- BC
107,Ghyun Himal 6099,Damodar,Mustang,"29° 14' 39"" 83° 46' 55""",Jomsong-Lomangthang-BC
108,Gimigela Chuli  7350,Kanchenjunga,Taplejung,"27º 44' 26""  88º 09' 40""",­Taplejung­ –Ghunsa-Lonak-Pangpema-­BC
109,Gorkha Himal  6198,Gorakh,Humla,"30º 03' 54""  82º 13' 59""",Simikot-Chuwa Khola-Dharma nekha-Take Khola-BC
110,Gorakh Khang 6254,Gorakh Himal,Humla ,"30° 02' 39"" 82° 20' 15""",Jumla-Gamgadi-Darma-Yachu-Dojan-BC
111,Guras 6744,Guras,Bajhang,"30° 02' 35"" 81° 06' 32""", Darchula-Changru-Tinkar River-BC
112,Gurja Himal #  7193,Dahaulagiri,Myagdi,"28º 40' 26""  83º 16' 40""",Darbang-Dharapani-Budzang Kharka-BC
113,Gurkarpo Ri  #  6889,Jugal,Rasuwa,"28º 12' 35""  85º 46' 38""",Ktm­-Syabrubesi­-Langtang­-Langsisa Kharka-BC
114,Gyachung Kang #7952  ,Khumbu,Sagarmatha,"28º 05' 40""  86º 45' 03""",Ktm-­Lukla­-Namche­-Khumjung-Gokyo-BC
115,Gyajikhang  7074,Peri,Manang,"28º 43' 59""  84º 22' 27""",Ktm­-Besisahar-­Chame­-Kyang-Phu-BC
116,Gyala 6363,Gyala,Gorkha,"28° 45' 07"" 84° 33' 32""",Arughat-Jagat-Samagaon-Samdo-Larkey-BC
117,Gyalzen Peak #  6151,Jugal,Sindupalchok,"28º 11' 02""  85º 50' 30""",Ktm­-Barabise-Chako-Bagan-Bahirav Kunda-BC
118,Hillary Peak 7681,Mahalangur,Solukhumbu,"28° 06' 24"" 86° 42' 58""", Lukla-Namche-Gokyo-BC
119,Himalchuli East 7893,Mansiri,Lamjung/Gorkha,"28º 26' 13""  84º 38' 29""",Barpak-Rupina la-Chhilung Khola-BC/Besisahar-Mini Pokhari-BC
120,Himalchuli North 7331,Lamjung/Gorkha,Lamjung/Gorkha,"28º 26' 57""  84º 36' 23""",Besisahar-Nagdi-Mimi Pokhari-BC/Arughat-Nnyak-BC/Bahun Dada-Naiche-Tabang/BC
121,Himachuli West 7540,Mansiri,Lamjung,"28º 26' 08""  80º 37' 08""",Besisahar-Nagdi-Mimi Pokhari-BC
122,Himjung(Nemjung Foth) 7092,Peri,Manang, 28 44 11 84 25 11,Ktm­-Besisahar-­Ceme-­Nar- Phu­-BC
123,Himlung East 6932,Peri,Manang,"28° 46' 09"" 84° 26' 20""",Ktm-Besisahar-Dharapani-LArke Pass-BC
124,Himlung Himal  7126,Peri ,Manang,"28º 46' 18""  84º 25' 29""",Ktm­-Besisahar-­Dharapani­-Nar-phu­-BC
125,Hiunchuli *  6441,Annapurna,Kaski,"28º 30' 37""  83º 51' 07""",Ktm­-Pokhara-­Chomrong­ –Bamboo-Deurali­-BC
126,Hongde  6556,Damodar,Dolpa/Mustang,"28º 50' 35""  83º 29' 57""",Ktm-­Pokhara­-Jomsom­ -French Pass-­BC
127,Hongu (Sura Peak ) *  6764,"Mahalangur/
Makalu",Chamlang/ Makalu,"27º 49' 32""  86º 58' 46""",Ktm­-Lukla-­Merala-­Hongu­-BC
128,Hulang Go 6687,Peri,Manang,"28° 52' 22"" 84° 20' 44""",Besisahar-Chame-Nar Phu-BC
129,Hunchhi  7029,Mahalangur,Sagarmatha,"28º 02' 05""  86º 45' 40""",Ktm­-Lukla-­Namche-­Gokyo­  BC
130,Hunku  Chuli 6833,Mahalangur,"Solukhumbu/
Sankhuwasabha", 27 49 03 87 00 43,Ktm­-Lukla-­Merala-­Hongu­-BC
131,Imja Tse (Island Peak) 6165,Khumbu,Sagarmatha,"27º 55' 14""  86º 56' 16""",Ktm-­Lukla­-Namche­ -Dinboche­-Chukung­-BC
132,Jabou Ri 6166,Rolwaling,Dolakha,"27° 51' 14"" 86° 30' 55""",Simikot-Beding-Na-Tolumbau glacier-BC
133,Jagdula Peak 5761,Jagdula,Dolpa Jumla,"29º 19' 37""  82º 35' 31""",Ktm­-Dunai-­Kai Gaon­-Toijem­-BC/jumla-chaudabesi Khola-BC
134,JanakChuli  7041,Kanchenjunga,Taplejung,"27º 52' 18""  88º 06' 36""",Ktm­-Taplejung­–Khambachen-­Lonak­-Bc
135,Jarkya Peak 6473,Peri,Gorkha,"28° 44' 31"" 84° 31' 37""","A
Arughat-Samagaon-Samdo-Gukang glacier-BC"
136,Jasemba Go 6734,Mahalangur,Solukhumbu,"28° 05' 14"" 86° 36' 18""",Namche-Thane-Chule-Lunak-BC
137,Jethi Bahurani  +  6850,Gurans,Mahakali,"29º 52' 54""  81º 02' 33""",Ktm-­Baitadi-­Chamli Khola­-Ghusa­-BC
138,Jijang 6111,Damodar,Manag,28 47 03 84 02 05, Jomsom-Teri la- BC/Besisahar-Nar Phu-BC
139,Jobo Rinjang  6781,Mahalangur,Solukhumbu,"28º 03' 58""  86º 33' 55""",Ktm-­Lukla-­Namche­ -Thame­-Lunak­-Nampa-­BC
140,Jomsom Himal  6335,Damodar,Manang,"28º 50' 27""  84º 09' 21""",KJomsom­ -Lomangthang­-Damodar  kunda-BC/ Besisahar-Nar Phu-BC
141,Jongsang Peak #  7462,Janak ,Mechi,"27º 52' 52""  88º 08' 17'",Ktm-­Taplejung­–Khambachen-­Pangpame­-BC
142,Jyacchhung  6388,Byas Risi,Darchula,"30° 06' 23"" 81° 05' 09""",Darchula-Changru-Tinkar Rivar-BC
143,Kabru  7318,Kanchanjunga,Taplejung,"27º 36' 29""  88º 06' 49""",Ktm-­Taplejung­-Yamphudin­-Ramche­-BC
144,Kabru Central 7412,Kanchanjunga,Taplejung,27 38 07 88 07 17,Ktm-Taplejung-Yamphudin-Tseram-BC
145,Kagmara  5978,Kanjiroba,Dolpa,"29º 08' 16""  82º 45' 41""",­Jufal­-Dunai-kagmarala-BC/Jumla-Kaigaun-Kagmarala
146,Kaipuchonam 6329,Palchung,Mugu,"29° 43' 32"" 82° 47' 00""", Phuksundo-vhijer-pungkharka-Chandikhola-BC
147,Kalo Parbat 5387,Mukut Himal,Dolpa, 28 49 17 83 26 57,Ktm­Pokhara­Jomsom­-Saldang- Mukutgaun ­BC
148,Kambong Peak 6570,Dhaulagiri,Magdi,"28º 39' 34""  83º 18' 29""", Beni-Darban-Muri BC
149,Kanchenjunga(Central) 8473,Kanchenjunga,Taplejung,27 41 46 88 09 12, 
150,Kanchenjunga (Main) 8586,Kanchenjunga,Taplejung,"27º 42' 10""  88º 09' 00""",Taplejung-Yamphudin-Tseran BC
151,Kanchenjunga (Sough) 8476,Kanchenjunga,Taplijung,"27º 41' 32""  88º 09' 23""",Ktm­Taplejung­Mamankhe­  Yamphudin­Cheram­BC
152,Kanchenjunga North 7938,Kanchenjunga,Taplejung,"27° 42' 39"" 88° 09' 16""",Taplejumg-Ghunsa-Lonak-Pangpema-BC
153,Kande Hiunchuli  6627,Patrasi,Mugu-Jumla-Dolpa,"29º 24' 41""  82º 33' 37""",Ktm­Jumla­Talpe­ Chaudabise Khola BC
154,Kang Guru  6981,Peri,Gandaki,"28º 39' 31""  84º 18' 15""",Ktm­Besisahar­Dharapani­ Koto­-Phu­BC
155,Kang Kuru  6355,Damodar,Mustang,"28º 54' 05""  84º 11' 10""",Besisahar-Dharapani-Phu Bc
156,Kangbachen 7902,Kanchenjunga,Taplejung,"27º 42' 59""  88º 06' 46""",Ktm­Taplejung­-Ghumsa-Pangpema BC
157,Kangfu Gaton Kanta  Gaton 5910,Kanjirowa,Dolpa, 29 06 12 82 59 45,Juphal-Madhuwa BC
158,Kanjerawa  6612,Kanjiroba,Dolpa,"28º 13' 56""  82º 52' 34""",Ktm­Dunai­  Ringmo(Phoksundo)­BC
159,Kanjiroba (Main)  6883,Kanjiroba,Dolpa,"29º 22' 32""  82º 38' 26""",Ktm­Jumla­Kai Gaon­  Hurikot­Jagdura Khola­BC
160,Kanjiroba North 6858,Kanjiroba,Mugu / Dolpa,"29° 23' 02"" 82° 38' 36""",Jumla-Hurikot-Jagdul-Coldes-Anglais BC
161,Kanti East 6516,Kanti,Mugu,29 51 11 82 42 08,Jumla-Gamgadi-Mugu Kogichawakhola BC
162,Kanti Himal 6850,Kanti Himal,Mugu,29 45 59 82 45 13,Jumla-Gamgadi-Mugu BC
163,Kaptang  5965,Kanti Himal,Mugu,"29º 55' 37""  82º 34' 25""",Jumla-Gamgadi-Mugu BC
164,Karko 6015,Saipal,Bajhang,29 55 13 81 13 09,Chainpur-Kalkot-Gharphu-Odar BC
165,Karyolung #  6530,Rolwalling ,Sagarmatha,"27º 44' 00""  86º 36' 51""",Ktm­Lukla­Lumding­ BC
166,Kasi Dalpha 6386,Kanjiroba,Jumla / Dolpa,"29° 16' 59"" 82° 33' 17""",Jumla-Talphi-Chaudebesi Khola BC
167,Karsang Peak (UAAA Peak) 6476,Mustang,Mustang,"28° 55' 60"" 84° 55' 60""",Jomson-Kagbeni-Lomanthang-Tange BC
168,Khambachen East 7784,Kanchenjunga,Taplejung,"27° 43' 03"" 88° 09' 29""", Taplejung-Ghansa-LOnak-Pampema Bc
169,Khang Nagchugo 6737,Gaurisankhar,Dolakha,27 54 22 86 26 41,Charikot-Simigaun-Beding BC
170,Khang Karpo 6646,Rolwaling,Solukhumbu / Dolakha,"27° 52' 23"" 86° 31' 05""", Charikot-Simigaun-Beding BC
171,Khang Sar Kang  +  7485,Annapurna,Kaski/Magdi/Manang,"28º 36' 48""  83º 52' 25""",Ktm­Besisahar­Manang­ Tilicho Lake­BC
172,Khang Tokal 6294,Kanjiroba,Dolpa,28 47 59 83 10 07,Jhuphal-Tarakot-Kakot BC
173,Khangchung Peak / UIAA 6063,Mahalangur,Solukhumbu,"27° 59' 01"" 86° 44' 23""", Namche-Zongla-Gokyo BC
174,Khangri Shar 6792,Mahalangur,Sagarmatha,"28º 01' 08""  86º 48' 55""",Ktm­Lukla­Namche­  Pangboche­BC
175,Khangri West 6121,Mahalangur,Sagarmatha, 28 01 14 86 47 51,Ktm­Lukla-Dingboche-Labuche­BC
176,Khangsar Khang West ( Herzog Peak) 7555,Annapurna,Myagdi / Kaski,"28° 36' 33"" 83° 51' 37""",Phokara-Chhumrung-Mbc BC
177,Khangtega  6783,Khumbu,Solukhumbu,27 47 33 86 49 10,Lukla-tangnag-Khare BC/ Tembuche BC
178,Khatang  6790,Rolwaling,Solukhumbu,"27º 45' 27""  86º 35' 54""",Ktm­Lukla­Lumding­BC
179,Khatung Kang  6484,Patrung Himal, Manang,"28º 46' 37""  83º 55' 17""",Ktm­Pokhara­Jomsom­  Muktinath­Thorang Pass­  BC
180,Khayan  6186,Mansiri,Gorkha,"28º 38' 00""  84º 42' 57""",Ktm­Besisahar­Dharapani­ Dovan Khola­BC
181,Khiurikala  5806,Saipal,Bajhang, 29 58 12 81 16 23, Chainpur-Talkot-Dulu BC
182,Khongma Tse(Mehra) *  5849,Khumbu,Sagarmatha,"27º 56' 52""  86º 51' 02""",Ktm­Lukla­Namche­-Dingbocha-Labuche BC
183,Kumba tse  6639,Mahalangur,Solukhumbu ,"28º 01' 14""  86º 52' 30""",Ktm­Lukla­Namche­  Pumori BC
184,Khumjung 6759,Damodar,Mustang,"28º 53' 20""  84º 07' 45""",Ktm­Da Kharkha­Jomsom­  Lomangtang­Damodar kunda BC
185,Khung 6024,Palchung,Dolpa,"29° 37' 29"" 83° 08' 39""", Juphal-Saldang-Khun khola Bc
186,Kirat Chuli (Tent Peak)# 7362,K angchenjunga,Taplejung,"27º 47' 19""  88º 11' 54""",Ktm­Ghunsa­Ramtang­ Lonak­Pangpame Glacier­  BC
187,Kogi Khang North 6275,Kanti,Mugu,"29° 48' 52"" 82° 44' 21""",Jumla-Gamgadi-Mugu-Kogikhola BC
188,Kojichwa Chuli  6439,Kanti Himal,Mugu,"29º 51' 56""  82º 38' 37""",Ktm­Nepalgunj­Mugu­BC
189,Kojichwa South 6264,Kanti,Mugu,29 50  55 82 37 52,Jumla-Mugu-Kugichwa khola BC
190,Kokthang  6148,Kanchanjunga, Taplejung,"27º 33' 49""  88º 04' 57""",Ktm­Taplejung­ Yamphudin­ Ramche BC
191,Korlang Pari Tippa 5738,Rolwaling,/Dolakha,"28° 10' 24"" 86° 11' 28""", Jagat-Lambar-Lachhegaun-Kidibu Khola Bc
192,Kumbhakarna (Jannu) 7711,Kanchenjunga,Taplejung,"27º 40' 56""  88º 02' 47""",Ktm­Taplejung­Tsheram­  BC
193,Kusum Kanguru  *  6360,Khumbu,Sagarmatha,"27º 43' 50""  86º 47' 28""",Ktm­Lukla­Namche­  Thame­Khumjung­BC
194,Kwangde *  6086,Rolwaling,Sagarmatha,"27º 48' 01""  86º 38' 04""",Ktm­Lukla­Merala­Hunde­ BC /Namche BC
195,Kyabura  6466,Kanchenjunga,Taplejung,"27º 53' 47""  88º 01' 27""",Ktm­Taplejung­Ghunsa-Lunak ­BC
196,Kyashar (Peak 43)6770,Mahalangur­Makalu ,Shankhuwasava,"27º 45' 19""  86º 49' 30""",Ktm­Lukla­MosamKharkha­Dig Kharkha­ Himkushar­Glacier BC
197,Kyazo Ri  *  6151,Mahalangur,Solukhumbu,"27º 54' 32""  86º 40' 23""",Ktm­Lukla­Namche­Gokyo­  BC
198,Kyungya Ri 1  6599,Langtang,Rasuwa,"28º 17' 47""  85º 40' 14""",Ktm­Dhunche­Kyanjing­ Langsisha Kharka­BC
199,Kyungya Ri 2  6506,Langtang,Rasuwa,"28º 18' 12""  85º 39' 53""",Ktm­Dhunche­Kyanjing­ Langsisha Kharka­BC
200,Lachama Chuli  6721,Changla Himal,Humla,"30º 08' 11""  82º 12' 02""",Ktm­-Simikot-Chhuwakhola-Lachhama khola BC
201,Lachama North 6628,Changla,Humla,"30° 08' 36"" 82° 12' 00""",Ktm­-Simikot-Chhuwakhola-Lachhama khola BC
202,Lamjung Himal  6983,Annapurna ,Kaski Mnang,"28º 29' 21""  84º 11' 28""",Ktm­Sisuwa­Chitepani­  Sikless­ABC­BC
203,Lang Chung Kang  6786,Kanchenjunga,Taplejung, 27 51 22 88 10 53,Ktm­Taplejung­- Ghunsa­-Lunak BC
204,Langdak  6220,Rolwaling,Solukhumbu,"27° 55' 01"" 86° 33' 49""", Charikot-Simigaun- Beding-Na-Rolwaling Glacier BC
205,Langdung 6326,Rolwaling,Dolakha,"27° 56' 52"" 86° 29' 03""",Charikot-Simigaun BC
206,Langju 6426,Puchen,Gorkha,"28° 32' 45"" 85° 03' 19""",Arughat-Gagat-Tsun-Nile Bc
207,Langmoche Ri  6617,Mahalangur,Solukhumbu,"28º 52'02""  86º 33' 18""",Ktm­Lukla­Thame­Tashi Lpcha­Bc
208,Langpo Peak 6965,Kanchanjunga,Taplejung,27 51 12 88 11 56, Taplejung-Gunsa-Pangpema
209,Langsisa Ri *  6412,Jugal,Rasuwa,"28º 13' 01""  85º 42' 59""",Ktm­­-Kyanging­-BC
210,Langtang Lirung  7227,Langtang,Rasuwa,"28º 15' 22""  85º 31' 10""",Ktm­S-yabrubeshi­-Lama  Hotel­kyanjing-BC
211,Langtang Ri  #  7205,Langtang,Rasuwa,"28º 22' 56""  85º 41' 11""",Ktm-­Syabrubeshi­  Langtang-­Langsisa  Kharkha­BC
212,Lapuchun 5960,Tanje,Gorkha,"28° 34' 14"" 84° 51' 33""", 
213,Larkya Peak* 6416,Manaslu,Gorkha,"28º 37' 37""  84º 32' 42""",Ktm­Gorkha­Arughat­  Samagaon­-Samdo-BC
214,Lasa 6189,Byas Risi,Darchula,"30° 08' 09"" 81° 05' 03""",Darchula-Changu-Tinkar River-BC
215,Leonpo Gang   #  6979,Jugal,Bagmati,"28º 11' 44""  85º 48' 07""",Ktm­-Chautara-­Lensisha Glacier­BC
216,Leonpo Gang East 6733,Jugal,Sindhupalchok,"28° 12' 09"" 85° 49' 04""",Chautara-pachpokhari-Naya masal khola-BC
217,Lhasharma 6412,Kanjirowa,Dolpa,"29° 13' 33"" 82° 44' 50""",Jhuphal-Santowa-Kangmala-BC
218,Lhayul Peak 6395,Api Himal,Humla,"29º 58' 34""  80º 52' 08""",Ktm­-Humla­-Chamlaya-Nadi-Tudadera-BC
219,Lhotse  8516,Khumbu,Sagarmatha,"27º 57' 43""  86º 56' 12""",Ktm-­Lukla­-Namche­ -Pangboche­-BC
220,Lhotse Middle 8410,Mahalangur,Sagarmatha, 27 57 40 86 56 27,Ktm­Lukla­Namche­  Pheriche­BC
221,Lhotse Shar 8382,Khumbu,Sagarmatha,"27º 57' 30""  86º 56' 44""",Ktm­Lukla­Namche­  Pheriche­BC
222,Lhonak ( Rifil Peak) 6070,Kanchenjunga,Taplejung,"27° 49' 55"" 88° 03' 26""",Taplejung-Ghunsa-Khampachen-BC
223,Lintren 6713,Mahalangur,Solukhumbu,"28º 01' 39""  86º 51' 26""",Ktm­Lukla­Mera La­WestCol­Sherpani Col­Makalu  BC
224,Linku Chuli1 ( Pig Pherago Shar ) 6719,Mahalangur,Rolwaling,"27º 48' 40""  86º 32' 41""",Ktm­Charikot­Beding­BC
225,Linku Chuli2 ( Pig Pherago Nup ) 6659,Mahalangur,Rolwaling,"27º 48' 18""  86º 31' 34""",Ktm­Charikot­Beding­BC
226,Lobuje *  6090,Khumbu,Sagarmatha,"27º 57' 30""  86º 47' 35""",Ktm­Lukla­Namche­  Thame­Gokyo­Gonghla­  BC
227,Lobuje West *  6135,Khumbu,Sagarmatha,"27º 58' 08""  86º 47' 05""",Ktm­Lukla­Namche­BC
228,Loshar I 6842,Kanchenjunga,Taplejung, 27 53 46 88 03 24,Ktm­Taplejung­Ghunsa­  Lonak­Tshima Glacier­BC
229,Loshar II 6803,Kanchenjunga,Taplejung, 27 53 10 88 04 01,Ktm­Taplejung­Ghunsa­  Lonak­Tshima Glacier­BC
230,Lugula 6899,Lugula,Manang,"28° 53' 46"" 84° 15' 42""",Besisahar-Chame-Nar Phu-BC
231,Lumba Sumba Peak 5740,Lumbasumba ,Taplejung, 27 42 36 87 38 31,Ktm­Taplejung­-Olangchu Gola-­BC
232,Lung Sampa  6500,Kanchenjunga,Taplejung, 28 03 10 86 39 41,Ktm­Taplejung­-Olangchu Gola-­BC
233,Lungchhung 6043,Palchung,Dolpa,"29° 37' 42"" 83° 07' 20""",Juphal-Phoksundo-Khun Khola-BC
234,Luza Peak 5710,Mahalangur,Solukhumbu, 27 53 16 86 41 48,Ktm­Lukla­Namche­Dole­ Luza­BC
235,Machermo *  5559,Mahalangur,Solukhumbu,"27º 53' 45""  86º 41' 44""",Ktm­Lukla­Namche­-Machermo­  BC
236,Makalu I 8485,Mahalangur,Sankhuwasabha,"27º 53' 21""  87º 05' 27'",Ktm­-Tumlingtar­-Chichila­-Num-seduwa-yangle BC
237,Makalu II(Kangchugtse)7678,Mahalangur,sankhuwasabha,"27º 54' 56""  87º 04' 50""",Ktm-­Tumlingtar­-Num-Gola-­Yangle Kharkha-­BC
238,Malanphulan  6573,Mahalangur,Solukhumbu,"27° 48' 10"" 86° 52' 20""",Lukla-namche-pangboche-mingbi-BC
239,Manapathi  6380,Dhaulagiri,Myangdi,"28º 38' 44""  83º 27' 32""",Ktm-­Beni­-Tatopani­-darbang-muri-BC
240,Manaslu  8163,Mansiri,Manag/Gorkha,"28º 33' 01""  84º 33' 42""",Ktm­-Arughat­-Jagat-­Sama  gaon-­BC
241,Manaslu North  6994,Mansiri ,Manag/Gorkha,"28º 34' 40""  84º 33' 02""",Ktm­-Arughat-­Jagat-­Sama  gaon­-BC
242,Mansail 6242,Damodar,Mustang,"29° 18' 07"" 29° 18' 07""",Jomsong-Lamangthang-Chhonhup-BC
243,Mansail South 6251,Damodar,Mustang,"29° 17' 40"" 83° 48' 37""",Jomsom-Lomangthang-BC
244,Madri Himal  *  5553,Annapurna,Kaski,"28º 28' 23""  83º 55' 51""",­Pokhara­-Hyangja­-Dhiprang­Kharka­-BC
245,Mariayang West 6455,Palchung,Dolpa,"29° 41' 22"" 82° 52' 32""",Juphal-Shey Phoksundo-Bhijer-Tankya Khola-BC
246,Mariyang  6528,Kanjiroba,Dolpa,"29º 41' 36""  82º 53' 20""",Ktm­Dolpa-Shey Gumba-Phopa Gaon-Swaksa KholaBC
247,Mayung Thang Khang 6449,Kanti,Mugu,"29° 46' 11"" 82° 44' 48""", Jumla-Gamgadi-Thaju Chaur-Talka Khola-BC
248,MDM Peak (Tsisima) 6196,Kanchenjunga,Taplejung, 27 51 47 88 02 26,Ktm­-Taplejung-­Ghunsa­ -Lonak­-Tshima Glacier­-BC
249,Mera Peak *  6470,Khumbu,Sagarmatha,"27º 42' 31""  86º 52' 14""",Ktm-­Jiri-­Sete-­Kharikhola­-Kothe-Khare­-BC/Lukla
250,Mera South  6064,Mahalangur,Sagarmatha, 27 42 04 86 53 42,Ktm­-Lukla-­Dig Kharka­ –Khare-­Zentrala-­BC
251,Merra  6335,Kanchenjunga,Taplejung,"27º 44' 27""  88º 01'  11",Ktm­-Taplejung-­Ghunsa­ -Lonak­-Tshima Glacier­BC
252,Mojka Peak 6024,Kanchenjunga,Taplejung,"27º 46' 14""  88º 03' 02""",Ktm­-Taplejung­-Ghunsa­ -Lonak­-Tshima Glacier­-BC
253,Mukot  Himal 6087,Dhaulagiri,Dolpa / Mustang,"28° 49' 01"" 83° 28' 56""",Pokha-Jomsom-Marpha-BC
254,Mustang Himal 9195,Damodar,Mustang,"29° 17' 10"" 83° 48' 36""",Pokha-Jomsom-Marpha-Lomangthnag-BC
255,Nagpai Gosum I 7350,Mahalangur,Solukhumbu, 28 04 14 86 38 16,Ktm­-Lukla­-Namche-Gokyo-­BC
256,Nagpai Gosum II 7307,Mahalangur,Solukhumbu, 28 04 29 86 39 09,Ktm­-Lukla­-Namche­ -Thame­-Lunak­-BC
257,Nala Kankar #  6062,Nalakankar,KHuml,"30º 21' 27""  81º 24' 05""",Ktm-­­Simikot-kermi-Nyula-Takchen-Gyau Khola-­BC
258,Nampa  6729,Gurans,Darchula,"30º 00' 15""  81º 59' 49""",Ktm-­Batadi­-Chamalia Khola­-Ghusa­BC
259,Nampa II 6700,Gurans,Darchula/ Bajhang,"30º 02' 33""  81º 06' 27""",Bajhang-Talkot-Daha chaur-Baijeli Khola-BC/Ghunsa
260,Nampa III 6611,Gurans,Darchula/Bajhang,"29º 58' 51""  81º 01' 01""",Bajhang-Talkot-Daha chaur-Baijeli Khola-BC/Ghunsa
261,"Nampa, South  6180",Byas­Rikhi,Darchula,29º 59'09  81º 59' 48,Bajhang-Talkot-Daha chaur-Baijeli Khola-BC/Ghunsa
262,Nangamari  2  6209,Kanchanjunga,Taplejung,"27º 53' 29""  87º 52' 02""",Ktm­-Taplejung­-Yanma-­BC
263,Nangamari 1  6547,Kanchanjunga,Taplejung,"27º 54' 38""  87º 52' 07""",Ktm­-Taplejung­-Yanma-­BC
264,Nar Phu 5921,Damodar,Manag, 28-43 01 84 07 26,Besisahar-Chame-Nar Phu-BC
265,Naulekh  6340,Mahalangur,Solukhumbu,"27º 41' 13""  86º 54' 17""",Ktm­-Lukla­-Dig Kharkha­-Khari-­Zentrala­-BC
266,Nemjung 7140,Manang,Manang/ Gandaki,"28º 45' 25""  84º 25' 05""",Ktm-­Besisahar­-Koto­­-Pho-BC
267,Nepal Gyap Peak 7007 ,Kanchenjunga,Taplejung,"27° 44' 47"" 88° 10' 51""",Taplejung-Ghunsa-Lonak-Pangpem BC
268,Nepal Peak #  7177,Kanchenjunga,Taplejung,"27º 46' 35""  88º 11' 07""",Ktm­-Taplejung-­Ghunsa­ -Lonak­-BC
269,Ngojumbakang  7743,Khumbu,Sagarmatha,"28º 06' 23""  86º 42' 31""",Ktm-­Lukla­-Machermoo-Gokyo­­BC
270,Nheserku (Chhukpu) 5897,Mahalangur,Sagarmatha, 27 55 08 86 36 11,Ktm-­Lukla-­Thame­-Arya­-BC
271,Nilgiri Central  6940,Nilgiri,Myagdi /mustang,"28º 40' 42""  86º 42' 31""",Ktm­Pokhara-­Tatopani­ -Lete­-Thulo BugginiBC/Jomsom
272,Nilgiri North  7061,Nilgiri,Myagdi /mustang,"28º 41' 24""  83º 44' 47""",Ktm­Pokhara-­Tatopani­ -Lete­-Thulo BugginiBC/Jomsom
273,Nilgiri South  6839,Nilgiri,Myagdi /mustang,"28º 39' 15""  83º 43' 58""",Ktm­Pokhara-­Tatopani­ -Lete­-Thulo BugginiBC/Jomsom
274,Nirekha Peak *  6159,Mahalangur,Solukhumbu,"27º 58 39""  86º 45' 55""",Ktm-­Lukla­-Namche­-Gokyo-BC/Labuche-BC
275,Norbu Kang  6085,Kanjirowa,Dolpa,"29º 07' 09""  83º 04' 29""",Ktm­-Nepalgunj­-Dunai­-Hanke­-BC
276,Numbur 6958,Rolwaling,Sagarmatha,"27º 45' 16""  86º 34' 30""",Ktm­-Phaphlu­-Thaksindu-Dudh  Kunda-­BC
277,Numri  6635,Mahalangur,"Solukhumbu/
Sangkhuwasabha","27º 53' 43""  86º 58' 33""",Ktm­-Lukla-­Namche­  Tengboche­-Dinboche­BC
278,Nupla Khang 6861,Mahalangur,Solukhumbu,"28° 04' 27"" 86° 46' 01""",Namche-Gokyo-Goraksep-BC
279,Nuptse  7864,Khumbu,Sagarmatha,"27º 58' 01""  85º 53' 22""",Ktm-­Lukla-­Namche­ –Lobuche-­BC
280,Ohmi Kanga #  6839,Janak,Taplejung,"27º 53' 50""  87º 58' 00""",Ktm­-Taplejung­-Yanma-­BC
281,Ombigaichen *  6340,Mahalangur,Solukhumbu,"27º 51' 09""  86º 53' 09""",Ktm­-Lukla­-Namche­ –Ombigaichen-­BC
282,Omi Tso Go 6332,Rolwaling,Dolakha,"27° 54' 55"" 86° 27' 29""", Charikot-Lambagar-Lapche-BC
283,P2 (Simnag Himal)  6251,Manaslu Himal,Gorkha,"28º 30' 59""  84º 35' 50""",Ktm­-Arughat-­Soti Khola­ -Namrung­BC
284,Pabuk Kang (Kangata )  6244,Kanchanjunga,Taplejung,"27º 54' 36""  87º 53' 36""",Ktm­Taplejung­Sekthum­  Yangma­BC
285,Paldor Peak *  5903,Ganesh,Dhading/Rasuwa,"28º 16' 40""  85º 11' 03""",SyabrubesiAnkhu Khola-­Sertung­-Kharka­ -Somdang­BC
286,Pama Himal 6300,Peri,Gorkha,"28° 34' 49"" 84° 57' 04""", Arughat-Jagat-Bigh Gaon-Sherang Gumba-BC
287,Panbari  6887,Peri,Manang,"28º 43' 06""  84º 29' 02""",Arughat-Jagat-Sama Gaon-Samdo-BC
288,Panbuk Ri  6625,Mahalangur,Solukhumbu, 28 00 19 86 31 20,Ktm­-Lukla-Thame-Lunak-­BC
289,Pandra  6857,Kanchanjunga,Taplejung,"27º 51' 52""  87º 59' 43""",Ktm­-Taplejung­-Ghunsa­ -Lunak­Tshima -Glacier­BC
290,Pangri Goldumba 6620,Langtang,Rasuwa,"28° 19' 41"" 85° 43' 45""",Kyanjingumba-Langsisa kharka-Morimoto-BC
291,Paniyotippa 6687,Mahalangur,Solukhumbu,27 48 15 86 34 11,Lukla-Lumding KharkaBC/Thame-Thangbo-BC
292,Pankar Himal 6264,Sringi,Gorkha,"28° 36' 59"" 84° 44' 33""",Arughat-Jagat-Sama Gaon-Samdo-BC
293,Panpoche 1 ( Pang Phunch ) 6620,Mansiri,Gorkha,"28º 37' 44""  84º 41' 02""",Arughat-Jagat-Sama Gaon-Samdo-BC
294,Panpoche 2 ( Pang Phunch ) 6504,Mansiri,Gandaki,"28º 36' 51""  84º 41' 15""",Arughat-Jagat-Sama Gaon-Samdo-BC
295,Pasang Lhamu Chuli 7350,Mahalangur,Sagarmatha,"28º 04' 24""  86º 37' 01""",Lukla-Khumjung-Thame-Tarnga-Dzasamba-BC
296,Pashuwo  6177,Langtang,Gorkha,"28º 31' 55""  85º 10' 06""",Syabrubesi-­Langtang Valley­BC/Arughat-Nile-BC
297,Pathivara Chuli(Pyaramid Peak)  7140,Kanchenjunga ,Taplejung,"27º 49' 14""  88º 10' 33""",Ktm­-Taplejung­-Ghunsa­ -Lonak­BC
298,Pathibhara East ( Sphinx) 6825,Kanchenjunga,Taplejung,"27° 49' 30"" 88° 11' 25""", Ktm­-Taplejung­-Ghunsa­–Lonak-Pangpema-­BC
299,Patrasi  6450,Patrasi,Mugu/Dolpa,"29º 25' 16""  82º 35' 33""",Ktm­-­Jumla­ -Trikhu­-Talphi­-Dhouli-Daha­-Hurikot-BC
300,Peak 38(Shanti Shikhar) 7591,Mahalangur,Sagarmatha,"27º 57' 19""  86º 58' 03""",Lukla-Namche-Chhukkum-Amalapcha-BC
301,Peak 4  6287,Mahalangur/Makalu,Chamlang/ Makalu,"27º 51' 10""  87º 00' 48""",­Lukla­-Merala­-Hunku  Glacier­BCTumlingtar-Makalu BC
302,Peak 41 6648,Mahalangur,Solukhumbu, 27 46 26 86 54 41,Lukla-Merala-BC/Namche-Amphulapcha-Pach PokhariBC
303,Pem Thang Karpo Ri 6865,Langtang ,Rasuwa,"28° 14' 57"" 85° 45' 02""",kyanjing gumba-langsisa kharka-Morimoto-BC
304,Peri 6174,Langtang,Rasuwa,"28° 21' 11"" 85° 43' 25""",Syabrubesi-Langtang-langsisa kharka-Morimoto-BC
305,Peri Himal 6296 ,Peri,Manang,"28° 44' 50"" 84° 28' 54""",Aarughat-samagaon-Samdo-Fukang Glacier-BC
306,PethangTse  6739,Mahalangur,SAngkhuwasabha, 27 57 27 87 01 06,Tumlingtar-Seduwa-ShersonBC-/Lukla-Merala-BC
307,Pethangtse East 6572,Mahalangur,Sankhuwasabha,"27° 56' 58"" 87° 02' 10""",Tumlingtar-Seduwa-Yangle Kharka-BC
308,Parchamo *  6279,Rolwaling,Dolakha/Solukhumbu,"27º 50' 12""  86º 32' 58""",Ktm-­Dolakha-­Beding­-Kabung­-Tashi Lapcha­BC
309,Phari Lapcha *  6017,Mahalangur,Solukhumbu,"27º 55' 45""  86º 41' 01""",Ktm-­Lukla-­Namche­-Gokyo-BC
310,Phole  6645,Kanchenjunga ,Taplejung,"27º 41' 09""  88º 00' 36""",Ktm­Taplejung­Ghunsa­ Khambachen-BC
311,Phu Kang  6694,Peri Himal,Manang,"28º 47' 36""  84º 26 57",Ktm­Besisahar­Dhara  Pani­Phu­BC
312,Phu Khang Go  6767,Peri,Manang / Gorkha,"28° 44' 05"" 84° 29' 38""", Arughat-Samagon-Samdo-Fukang Glacier-BC
313,Phu Khang North 6580,Peri,Manang,"28° 49' 15"" 84° 26' 16""",Besisahar-Chame-Phu-BC
314,Phungi  6538,Mansiri,Manang,"28º 33' 16""  84º 29' 09""",Ktm­Besisahar­Dharapani­ Thonje­-Dana Khola-BC
315,Phungi 6524,Peri,Manang,"28° 49' 48"" 84° 24' 10""",Same Name
316,Phurbi Chyachu 6637,Jugal,Sindupalchok,"28º 07' 50""  85º 52' 19""",Jalbire-Gumthang-Tembathang-Nyam-Masal KholaBC
317,Pisang  *  6091,Damodar,Manang,"28º 38' 46""  84º 11' 18""",Ktm­Besisahar­Chamje­ Chame­BC
318,Pokhalde *  5780,Khumbu,Sagarmatha,"27º 55' 28""  86º 50' 09""",Ktm­Lukla­Namche­  Gokyo­Chola Pass­BC
319,Pokharkhang 6372,Damodar,Mustang,"28º 48' 46""  84º 13' 44""",Ktm­Dumre­Koto­Nar­Phu­  BC
320,Pota North( Peak Hawley ) 6182,Kakhyor Himal,Dolpa,"28° 46' 33"" 83° 11' 51""",Jumla Gotichaur-Urikot BC
321,Pumori  7138,Khumbu,Sagarmatha,"28º 00' 54""  86º 49' 50""",Ktm­Lukla­Namche­  Tengboche­-LabocheBC
322,Punchen Himal  6049,Mansiri,Gorkha,"28º 39' 39""  85º 08' 54""",Ktm­Besisahar­Dharapani­ Dovan Khola­BC
323,Purbung 6500,Damodar,Mustang/Manang,28 48 05 84 01  14,Besisahar-Chame-Phu-BC
324,Purkung 6126,Damodar,Mustang/Manang,28 48 53 84 59 34,Besisahar-Chame- Manang-Trong Phedi-BC
325,Putha Hiunchuli  7246,Dhaulagiri,Dhaulagiri,"28º 44' 52""  83º 08' 53""",Ktm­Juphal­-Tarakot-Garmen-  BC
326,Raksha Urai  6609,Urai Lekh,Bajhang,30 00 21 81 07 44,Ktm­­Bajhang­ Talkot­Dhulae­Gorongphu­-seto Pokhari BC
327,Ramdung  Go*  5900,Rolwaling,Dolakha/Ramechhap,"27º 49' 07""  86º 26' 01""",Ktm­Dolakha­Jagat­Simi Gaon­Beding­Na­BC
328,Ramtang  6601,Kanchenjunga,Taplejung,"27º 45' 03""  88º 05' 45""",Ktm­Taplejung­Ghunsa­  Ramtang­Lonak­  Pangpeme­BC
329,Rathong  6682,Kanchanjunga ,Taplejung,"27º 35' 37""  88º 05' 28""",Ktm­Taplejung­ Yamphudin­Ramche­BC
330,Ratna Chuli  7035,Peri,Manang,"28º 51' 52""  84º 22' 38""",Ktm­Besisahar­Dharapani­Pho­BC
331,Raungsiyar 6224,Rolwaling,Dolakha / Solukhumbu,"27° 54' 28"" 86° 33' 34""",Lukla-namche-Chundongmo khola-BC/na-beding-
332,Rhimbu 6210,Puchen,Gorkha,"28° 33' 34"" 85° 02' 51""",Arughat-Jagat-Tsum-Nile-BC
333,Rokapi (Kap Chuli) 6468,Saipal,Bhajang, 29 50 52 81 02 25,Ktm­Darchula-Gokule-Gunsa-Chamalaya Nadi-BC
334,Rolmi 6056,Puchen,Gorkha,"28° 34' 04"" 85° 03' 01""",Arughat-Jagat-Tsum-Nile-BC
335,Rolwaling Khang 6664,Rolwaling,Dolakha,"27° 53' 51"" 86° 31' 23""",Charikot-Simigaon-Beding-Na-Tolumbau Glacier-BC
336,Rongshar Ri I ( Ondrej Peak) 6900,Mahalangur,Solukhumbu,"28° 03' 02"" 86° 33' 04 """, Lukla-Namche-Thame-Chule-BC
337,Sagarmatha  8848,Khumbu,Sagarmatha,"27º 59' 17""  86º 55' 41""",Ktm­Lukla­Namche­  Pangboche­BC
338,Saipal  7030,Gurans/Saipal,Humla/Bajang,"29º 53' 16""  81º 29' 41""",Simikot-Kermi-Yalbang-Puya-Chola-BC
339,"Saipal, East 6907",Saipal,Bajhang,29º 53'  28 81º 30' 02,Simikot-Kermi-Yalbang-Puya-Chola-BC
340,Salbachum  6707,Langtang,Rasuwa,"28º 16' 18""  85º 38' 04""",Ktm­Syabru­Lama Hotel­–Kyanjing Gumba-BC
341,Saldim (Peak 5 )  6374,Mahalangur/Makalu,Chamlang/ Makalu,"27º 49' 17 87º 10' 23""",Tumlingtar-Seduwa-Yangle-BC
342,Saldim West 6388,Mahalangur,Sankhuwasabha,"27° 49' 27"" 87° 09' 33""",Tumlingtar-Seduwa-Yangle-BC
343,Samdo Peak 6335,Mansiri,Gorkha,"28º 38' 10""  84º 41' 40""",Ktm­Arughat­Sama Gaon Samdo­ BC
344,Sanctuary Peak 6207,Kanjiroba,Mugu /Dolpa,"29° 25' 26"" 82° 37' 33""",Jumla-Goti Chaur-Hurikot-BC
345,Saribung 6328,Damodar,Mustang,"28º 53' 04""  84º 10' 26""",­Jomsom­ –Damodar Kunda­BC/Chame/Nar Phu-BC
346,Sat Peak 6164,Kanchenjunga,Taplejung, 27 42 40 87 54 51,Ktm­Taplejung­Ghunsa­  Lonak­Tshima Glacier­BC
347,Saula 6235,Kutang,Gorkha,"28° 36' 50"" 84° 45' 22""",Arughat-Jagat-Samagon-Samdo-BC
348,Sharphu I 6463,Kanchenjunga,Taplejung, 27 45 08 87 55 11,Ktm­Taplejung­­­Ghunsa­BC
349,Sharphu II 6164,Kanchenjunga,Taplejung,"27º 45' 28""  87º 55' 18""",Ktm­Taplejung­­­Ghunsa­BC
350,Sharphu III 6220,Kanchenjunga,Taplejung,"27º 43' 50""  87º 54' 26""",Ktm­Taplejung­­­Ghunsa­BC
